"","cod_distrito","distrito_nombre","cod_canton","canton_nombre","provincia_nombre","n_years"
"1",10101,"Carmen",101,"San José","San José",11
"2",10102,"Merced",101,"San José","San José",11
"3",10103,"Hospital",101,"San José","San José",11
"4",10104,"Catedral",101,"San José","San José",11
"5",10105,"Zapote",101,"San José","San José",11
"6",10106,"San Francisco de Dos Ríos",101,"San José","San José",11
"7",10107,"Uruca",101,"San José","San José",11
"8",10108,"Mata Redonda",101,"San José","San José",11
"9",10109,"Pavas",101,"San José","San José",11
"10",10110,"Hatillo",101,"San José","San José",11
"11",10111,"San Sebastián",101,"San José","San José",11
"12",10201,"Escazú",102,"Escazú","San José",11
"13",10202,"San Antonio",102,"Escazú","San José",11
"14",10203,"San Rafael",102,"Escazú","San José",11
"15",10301,"Desamparados",103,"Desamparados","San José",11
"16",10302,"San Miguel",103,"Desamparados","San José",11
"17",10303,"San Juan de Dios",103,"Desamparados","San José",11
"18",10304,"San Rafael Arriba",103,"Desamparados","San José",11
"19",10305,"San Antonio",103,"Desamparados","San José",11
"20",10306,"Frailes",103,"Desamparados","San José",11
"21",10307,"Patarrá",103,"Desamparados","San José",11
"22",10308,"San Cristóbal",103,"Desamparados","San José",11
"23",10309,"Rosario",103,"Desamparados","San José",11
"24",10310,"Damas",103,"Desamparados","San José",11
"25",10311,"San Rafael Abajo",103,"Desamparados","San José",11
"26",10312,"Gravilias",103,"Desamparados","San José",11
"27",10313,"Los Guido",103,"Desamparados","San José",11
"28",10401,"Santiago",104,"Puriscal","San José",11
"29",10402,"Mercedes Sur",104,"Puriscal","San José",11
"30",10403,"Barbacoas",104,"Puriscal","San José",11
"31",10404,"Grifo Alto",104,"Puriscal","San José",11
"32",10405,"San Rafael",104,"Puriscal","San José",11
"33",10406,"Candelarita",104,"Puriscal","San José",11
"34",10407,"Desamparaditos",104,"Puriscal","San José",11
"35",10408,"San Antonio",104,"Puriscal","San José",11
"36",10409,"Chires",104,"Puriscal","San José",11
"37",10501,"San Marcos",105,"Tarrazú","San José",11
"38",10502,"San Lorenzo",105,"Tarrazú","San José",11
"39",10503,"San Carlos",105,"Tarrazú","San José",11
"40",10601,"Aserrí",106,"Aserrí","San José",11
"41",10602,"Tarbaca",106,"Aserrí","San José",11
"42",10603,"Vuelta de Jorco",106,"Aserrí","San José",11
"43",10604,"San Gabriel",106,"Aserrí","San José",11
"44",10605,"Legua",106,"Aserrí","San José",11
"45",10606,"Monterrey",106,"Aserrí","San José",11
"46",10607,"Salitrillos",106,"Aserrí","San José",11
"47",10701,"Colón",107,"Mora","San José",11
"48",10702,"Guayabo",107,"Mora","San José",11
"49",10703,"Tabarcia",107,"Mora","San José",11
"50",10704,"Piedras Negras",107,"Mora","San José",11
"51",10705,"Picagres",107,"Mora","San José",11
"52",10706,"Jaris",107,"Mora","San José",11
"53",10707,"Quitirrisí",107,"Mora","San José",9
"54",10801,"Guadalupe",108,"Goicoechea","San José",11
"55",10802,"San Francisco",108,"Goicoechea","San José",11
"56",10803,"Calle Blancos",108,"Goicoechea","San José",11
"57",10804,"Mata de Plátano",108,"Goicoechea","San José",11
"58",10805,"Ipís",108,"Goicoechea","San José",11
"59",10806,"Rancho Redondo",108,"Goicoechea","San José",11
"60",10807,"Purral",108,"Goicoechea","San José",11
"61",10901,"Santa Ana",109,"Santa Ana","San José",11
"62",10902,"Salitral",109,"Santa Ana","San José",11
"63",10903,"Pozos",109,"Santa Ana","San José",11
"64",10904,"Uruca",109,"Santa Ana","San José",11
"65",10905,"Piedades",109,"Santa Ana","San José",11
"66",10906,"Brasil",109,"Santa Ana","San José",11
"67",11001,"Alajuelita",110,"Alajuelita","San José",11
"68",11002,"San Josecito",110,"Alajuelita","San José",11
"69",11003,"San Antonio",110,"Alajuelita","San José",11
"70",11004,"Concepción",110,"Alajuelita","San José",11
"71",11005,"San Felipe",110,"Alajuelita","San José",11
"72",11101,"San Isidro",111,"Vázquez de Coronado","San José",11
"73",11102,"San Rafael",111,"Vázquez de Coronado","San José",11
"74",11103,"Dulce Nombre de Jesús",111,"Vázquez de Coronado","San José",11
"75",11104,"Patalillo",111,"Vázquez de Coronado","San José",11
"76",11105,"Cascajal",111,"Vázquez de Coronado","San José",11
"77",11201,"San Ignacio",112,"Acosta","San José",11
"78",11202,"Guaitil",112,"Acosta","San José",11
"79",11203,"Palmichal",112,"Acosta","San José",11
"80",11204,"Cangrejal",112,"Acosta","San José",11
"81",11205,"Sabanillas",112,"Acosta","San José",11
"82",11301,"San Juan",113,"Tibás","San José",11
"83",11302,"Cinco Esquinas",113,"Tibás","San José",11
"84",11303,"Anselmo Llorente",113,"Tibás","San José",11
"85",11304,"León XIII",113,"Tibás","San José",11
"86",11305,"Colima",113,"Tibás","San José",11
"87",11401,"San Vicente",114,"Moravia","San José",11
"88",11402,"San Jerónimo",114,"Moravia","San José",11
"89",11403,"La Trinidad",114,"Moravia","San José",11
"90",11501,"San Pedro",115,"Montes de Oca","San José",11
"91",11502,"Sabanilla",115,"Montes de Oca","San José",11
"92",11503,"Mercedes",115,"Montes de Oca","San José",11
"93",11504,"San Rafael",115,"Montes de Oca","San José",11
"94",11601,"San Pablo",116,"Turrubares","San José",11
"95",11602,"San Pedro",116,"Turrubares","San José",11
"96",11603,"San Juan de Mata",116,"Turrubares","San José",11
"97",11604,"San Luis",116,"Turrubares","San José",11
"98",11605,"Carara",116,"Turrubares","San José",11
"99",11701,"Santa María",117,"Dota","San José",11
"100",11702,"Jardín",117,"Dota","San José",11
"101",11703,"Copey",117,"Dota","San José",11
"102",11801,"Curridabat",118,"Curridabat","San José",11
"103",11802,"Granadilla",118,"Curridabat","San José",11
"104",11803,"Sánchez",118,"Curridabat","San José",11
"105",11804,"Tirrases",118,"Curridabat","San José",11
"106",11901,"San Isidro de El General",119,"Pérez Zeledón","San José",11
"107",11902,"El General",119,"Pérez Zeledón","San José",11
"108",11903,"Daniel Flores",119,"Pérez Zeledón","San José",11
"109",11904,"Rivas",119,"Pérez Zeledón","San José",11
"110",11905,"San Pedro",119,"Pérez Zeledón","San José",11
"111",11906,"Platanares",119,"Pérez Zeledón","San José",11
"112",11907,"Pejibaye",119,"Pérez Zeledón","San José",11
"113",11908,"Cajón",119,"Pérez Zeledón","San José",11
"114",11909,"Barú",119,"Pérez Zeledón","San José",11
"115",11910,"Río Nuevo",119,"Pérez Zeledón","San José",11
"116",11911,"Páramo",119,"Pérez Zeledón","San José",11
"117",11912,"La Amistad",119,"Pérez Zeledón","San José",9
"118",12001,"San Pablo",120,"León Cortés Castro","San José",11
"119",12002,"San Andrés",120,"León Cortés Castro","San José",11
"120",12003,"Llano Bonito",120,"León Cortés Castro","San José",11
"121",12004,"San Isidro",120,"León Cortés Castro","San José",11
"122",12005,"Santa Cruz",120,"León Cortés Castro","San José",11
"123",12006,"San Antonio",120,"León Cortés Castro","San José",11
"124",20101,"Alajuela",201,"Alajuela","Alajuela",11
"125",20102,"San José",201,"Alajuela","Alajuela",11
"126",20103,"Carrizal",201,"Alajuela","Alajuela",11
"127",20104,"San Antonio",201,"Alajuela","Alajuela",11
"128",20105,"Guácima",201,"Alajuela","Alajuela",11
"129",20106,"San Isidro",201,"Alajuela","Alajuela",11
"130",20107,"Sabanilla",201,"Alajuela","Alajuela",11
"131",20108,"San Rafael",201,"Alajuela","Alajuela",11
"132",20109,"Río Segundo",201,"Alajuela","Alajuela",11
"133",20110,"Desamparados",201,"Alajuela","Alajuela",11
"134",20111,"Turrúcares",201,"Alajuela","Alajuela",11
"135",20112,"Tambor",201,"Alajuela","Alajuela",11
"136",20113,"Garita",201,"Alajuela","Alajuela",11
"137",20114,"Sarapiquí",201,"Alajuela","Alajuela",11
"138",20201,"San Ramón",202,"San Ramón","Alajuela",11
"139",20202,"Santiago",202,"San Ramón","Alajuela",11
"140",20203,"San Juan",202,"San Ramón","Alajuela",11
"141",20204,"Piedades Norte",202,"San Ramón","Alajuela",11
"142",20205,"Piedades Sur",202,"San Ramón","Alajuela",11
"143",20206,"San Rafael",202,"San Ramón","Alajuela",11
"144",20207,"San Isidro",202,"San Ramón","Alajuela",11
"145",20208,"Ángeles",202,"San Ramón","Alajuela",11
"146",20209,"Alfaro",202,"San Ramón","Alajuela",11
"147",20210,"Volio",202,"San Ramón","Alajuela",11
"148",20211,"Concepción",202,"San Ramón","Alajuela",11
"149",20212,"Zapotal",202,"San Ramón","Alajuela",11
"150",20213,"Peñas Blancas",202,"San Ramón","Alajuela",11
"151",20214,"San Lorenzo",202,"San Ramón","Alajuela",8
"152",20301,"Grecia",203,"Grecia","Alajuela",11
"153",20302,"San Isidro",203,"Grecia","Alajuela",11
"154",20303,"San José",203,"Grecia","Alajuela",11
"155",20304,"San Roque",203,"Grecia","Alajuela",11
"156",20305,"Tacares",203,"Grecia","Alajuela",11
"157",20307,"Puente de Piedra",203,"Grecia","Alajuela",11
"158",20308,"Bolívar",203,"Grecia","Alajuela",11
"159",20401,"San Mateo",204,"San Mateo","Alajuela",11
"160",20402,"Desmonte",204,"San Mateo","Alajuela",11
"161",20403,"Jesús María",204,"San Mateo","Alajuela",11
"162",20404,"Labrador",204,"San Mateo","Alajuela",11
"163",20501,"Atenas",205,"Atenas","Alajuela",11
"164",20502,"Jesús",205,"Atenas","Alajuela",11
"165",20503,"Mercedes",205,"Atenas","Alajuela",11
"166",20504,"San Isidro",205,"Atenas","Alajuela",11
"167",20505,"Concepción",205,"Atenas","Alajuela",11
"168",20506,"San José",205,"Atenas","Alajuela",11
"169",20507,"Santa Eulalia",205,"Atenas","Alajuela",11
"170",20508,"Escobal",205,"Atenas","Alajuela",11
"171",20601,"Naranjo",206,"Naranjo","Alajuela",11
"172",20602,"San Miguel",206,"Naranjo","Alajuela",11
"173",20603,"San José",206,"Naranjo","Alajuela",11
"174",20604,"Cirrí Sur",206,"Naranjo","Alajuela",11
"175",20605,"San Jerónimo",206,"Naranjo","Alajuela",11
"176",20606,"San Juan",206,"Naranjo","Alajuela",11
"177",20607,"El Rosario",206,"Naranjo","Alajuela",11
"178",20608,"Palmitos",206,"Naranjo","Alajuela",11
"179",20701,"Palmares",207,"Palmares","Alajuela",11
"180",20702,"Zaragoza",207,"Palmares","Alajuela",11
"181",20703,"Buenos Aires",207,"Palmares","Alajuela",11
"182",20704,"Santiago",207,"Palmares","Alajuela",11
"183",20705,"Candelaria",207,"Palmares","Alajuela",11
"184",20706,"Esquipulas",207,"Palmares","Alajuela",11
"185",20707,"La Granja",207,"Palmares","Alajuela",11
"186",20801,"San Pedro",208,"Poás","Alajuela",11
"187",20802,"San Juan",208,"Poás","Alajuela",11
"188",20803,"San Rafael",208,"Poás","Alajuela",11
"189",20804,"Carrillos",208,"Poás","Alajuela",11
"190",20805,"Sabana Redonda",208,"Poás","Alajuela",11
"191",20901,"Orotina",209,"Orotina","Alajuela",11
"192",20902,"El Mastate",209,"Orotina","Alajuela",11
"193",20903,"Hacienda Vieja",209,"Orotina","Alajuela",11
"194",20904,"Coyolar",209,"Orotina","Alajuela",11
"195",20905,"La Ceiba",209,"Orotina","Alajuela",11
"196",21001,"Quesada",210,"San Carlos","Alajuela",11
"197",21002,"Florencia",210,"San Carlos","Alajuela",11
"198",21003,"Buenavista",210,"San Carlos","Alajuela",11
"199",21004,"Aguas Zarcas",210,"San Carlos","Alajuela",11
"200",21005,"Venecia",210,"San Carlos","Alajuela",11
"201",21006,"Pital",210,"San Carlos","Alajuela",11
"202",21007,"La Fortuna",210,"San Carlos","Alajuela",11
"203",21008,"La Tigra",210,"San Carlos","Alajuela",11
"204",21009,"La Palmera",210,"San Carlos","Alajuela",11
"205",21010,"Venado",210,"San Carlos","Alajuela",11
"206",21011,"Cutris",210,"San Carlos","Alajuela",11
"207",21012,"Monterrey",210,"San Carlos","Alajuela",11
"208",21013,"Pocosol",210,"San Carlos","Alajuela",11
"209",21101,"Zarcero",211,"Zarcero","Alajuela",11
"210",21102,"Laguna",211,"Zarcero","Alajuela",11
"211",21103,"Tapesco",211,"Zarcero","Alajuela",11
"212",21104,"Guadalupe",211,"Zarcero","Alajuela",11
"213",21105,"Palmira",211,"Zarcero","Alajuela",11
"214",21106,"Zapote",211,"Zarcero","Alajuela",11
"215",21107,"Brisas",211,"Zarcero","Alajuela",11
"216",21201,"Sarchí Norte",212,"Sarchí","Alajuela",11
"217",21202,"Sarchí Sur",212,"Sarchí","Alajuela",11
"218",21203,"Toro Amarillo",212,"Sarchí","Alajuela",11
"219",21204,"San Pedro",212,"Sarchí","Alajuela",11
"220",21205,"Rodríguez",212,"Sarchí","Alajuela",11
"221",21301,"Upala",213,"Upala","Alajuela",11
"222",21302,"Aguas Claras",213,"Upala","Alajuela",11
"223",21303,"San José (Pizote)",213,"Upala","Alajuela",11
"224",21304,"Bijagua",213,"Upala","Alajuela",11
"225",21305,"Delicias",213,"Upala","Alajuela",11
"226",21306,"Dos Ríos",213,"Upala","Alajuela",11
"227",21307,"Yolillal",213,"Upala","Alajuela",11
"228",21308,"Canalete",213,"Upala","Alajuela",11
"229",21401,"Los Chiles",214,"Los Chiles","Alajuela",11
"230",21402,"Caño Negro",214,"Los Chiles","Alajuela",11
"231",21403,"El Amparo",214,"Los Chiles","Alajuela",11
"232",21404,"San Jorge",214,"Los Chiles","Alajuela",11
"233",21501,"San Rafael",215,"Guatuso","Alajuela",11
"234",21502,"Buenavista",215,"Guatuso","Alajuela",11
"235",21503,"Cote",215,"Guatuso","Alajuela",11
"236",21504,"Katira",215,"Guatuso","Alajuela",11
"237",21601,"Río Cuarto",216,"Río Cuarto","Alajuela",6
"238",21602,"Santa Rita",216,"Río Cuarto","Alajuela",6
"239",21603,"Santa Isabel",216,"Río Cuarto","Alajuela",6
"240",30101,"Oriental",301,"Cartago","Cartago",11
"241",30102,"Occidental",301,"Cartago","Cartago",11
"242",30103,"Carmen",301,"Cartago","Cartago",11
"243",30104,"San Nicolás",301,"Cartago","Cartago",11
"244",30105,"Agua Caliente (San Francisco)",301,"Cartago","Cartago",11
"245",30106,"Guadalupe (Arenilla)",301,"Cartago","Cartago",11
"246",30107,"Corralillo",301,"Cartago","Cartago",11
"247",30108,"Tierra Blanca",301,"Cartago","Cartago",11
"248",30109,"Dulce Nombre",301,"Cartago","Cartago",11
"249",30110,"Llano Grande",301,"Cartago","Cartago",11
"250",30111,"Quebradilla",301,"Cartago","Cartago",11
"251",30201,"Paraíso",302,"Paraíso","Cartago",11
"252",30202,"Santiago",302,"Paraíso","Cartago",11
"253",30203,"Orosi",302,"Paraíso","Cartago",11
"254",30204,"Cachí",302,"Paraíso","Cartago",11
"255",30205,"Llanos de Santa Lucía",302,"Paraíso","Cartago",11
"256",30206,"Birrisito",302,"Paraíso","Cartago",3
"257",30301,"Tres Ríos",303,"La Unión","Cartago",11
"258",30302,"San Diego",303,"La Unión","Cartago",11
"259",30303,"San Juan",303,"La Unión","Cartago",11
"260",30304,"San Rafael",303,"La Unión","Cartago",11
"261",30305,"Concepción",303,"La Unión","Cartago",11
"262",30306,"Dulce Nombre",303,"La Unión","Cartago",11
"263",30307,"San Ramón",303,"La Unión","Cartago",11
"264",30308,"Río Azul",303,"La Unión","Cartago",11
"265",30401,"Juan Viñas",304,"Jiménez","Cartago",11
"266",30402,"Tucurrique",304,"Jiménez","Cartago",11
"267",30403,"Pejibaye",304,"Jiménez","Cartago",11
"268",30404,"La Victoria",304,"Jiménez","Cartago",3
"269",30501,"Turrialba",305,"Turrialba","Cartago",11
"270",30502,"La Suiza",305,"Turrialba","Cartago",11
"271",30503,"Peralta",305,"Turrialba","Cartago",11
"272",30504,"Santa Cruz",305,"Turrialba","Cartago",11
"273",30505,"Santa Teresita",305,"Turrialba","Cartago",11
"274",30506,"Pavones",305,"Turrialba","Cartago",11
"275",30507,"Tuis",305,"Turrialba","Cartago",11
"276",30508,"Tayutic",305,"Turrialba","Cartago",11
"277",30509,"Santa Rosa",305,"Turrialba","Cartago",11
"278",30510,"Tres Equis",305,"Turrialba","Cartago",11
"279",30511,"La Isabel",305,"Turrialba","Cartago",11
"280",30512,"Chirripó",305,"Turrialba","Cartago",11
"281",30601,"Pacayas",306,"Alvarado","Cartago",11
"282",30602,"Cervantes",306,"Alvarado","Cartago",11
"283",30603,"Capellades",306,"Alvarado","Cartago",11
"284",30701,"San Rafael",307,"Oreamuno","Cartago",11
"285",30702,"Cot",307,"Oreamuno","Cartago",11
"286",30703,"Potrero Cerrado",307,"Oreamuno","Cartago",11
"287",30704,"Cipreses",307,"Oreamuno","Cartago",11
"288",30705,"Santa Rosa",307,"Oreamuno","Cartago",11
"289",30801,"El Tejar",308,"El Guarco","Cartago",11
"290",30802,"San Isidro",308,"El Guarco","Cartago",11
"291",30803,"Tobosi",308,"El Guarco","Cartago",11
"292",30804,"Patio de Agua",308,"El Guarco","Cartago",11
"293",40101,"Heredia",401,"Heredia","Heredia",11
"294",40102,"Mercedes",401,"Heredia","Heredia",11
"295",40103,"San Francisco",401,"Heredia","Heredia",11
"296",40104,"Ulloa",401,"Heredia","Heredia",11
"297",40105,"Vara Blanca",401,"Heredia","Heredia",11
"298",40201,"Barva",402,"Barva","Heredia",11
"299",40202,"San Pedro",402,"Barva","Heredia",11
"300",40203,"San Pablo",402,"Barva","Heredia",11
"301",40204,"San Roque",402,"Barva","Heredia",11
"302",40205,"Santa Lucía",402,"Barva","Heredia",11
"303",40206,"San José de la Montaña",402,"Barva","Heredia",11
"304",40207,"Puente Salas",402,"Barva","Heredia",2
"305",40301,"Santo Domingo",403,"Santo Domingo","Heredia",11
"306",40302,"San Vicente",403,"Santo Domingo","Heredia",11
"307",40303,"San Miguel",403,"Santo Domingo","Heredia",11
"308",40304,"Paracito",403,"Santo Domingo","Heredia",11
"309",40305,"Santo Tomás",403,"Santo Domingo","Heredia",11
"310",40306,"Santa Rosa",403,"Santo Domingo","Heredia",11
"311",40307,"Tures",403,"Santo Domingo","Heredia",11
"312",40308,"Pará",403,"Santo Domingo","Heredia",11
"313",40401,"Santa Bárbara",404,"Santa Bárbara","Heredia",11
"314",40402,"San Pedro",404,"Santa Bárbara","Heredia",11
"315",40403,"San Juan",404,"Santa Bárbara","Heredia",11
"316",40404,"Jesús",404,"Santa Bárbara","Heredia",11
"317",40405,"Santo Domingo",404,"Santa Bárbara","Heredia",11
"318",40406,"Purabá",404,"Santa Bárbara","Heredia",11
"319",40501,"San Rafael",405,"San Rafael","Heredia",11
"320",40502,"San Josecito",405,"San Rafael","Heredia",11
"321",40503,"Santiago",405,"San Rafael","Heredia",11
"322",40504,"Ángeles",405,"San Rafael","Heredia",11
"323",40505,"Concepción",405,"San Rafael","Heredia",11
"324",40601,"San Isidro",406,"San Isidro","Heredia",11
"325",40602,"San José",406,"San Isidro","Heredia",11
"326",40603,"Concepción",406,"San Isidro","Heredia",11
"327",40604,"San Francisco",406,"San Isidro","Heredia",11
"328",40701,"San Antonio",407,"Belén","Heredia",11
"329",40702,"La Ribera",407,"Belén","Heredia",11
"330",40703,"La Asunción",407,"Belén","Heredia",11
"331",40801,"San Joaquín",408,"Flores","Heredia",11
"332",40802,"Barrantes",408,"Flores","Heredia",11
"333",40803,"Llorente",408,"Flores","Heredia",11
"334",40901,"San Pablo",409,"San Pablo","Heredia",11
"335",40902,"Rincón de Sabanilla",409,"San Pablo","Heredia",11
"336",41001,"Puerto Viejo",410,"Sarapiquí","Heredia",11
"337",41002,"La Virgen",410,"Sarapiquí","Heredia",11
"338",41003,"Las Horquetas",410,"Sarapiquí","Heredia",11
"339",41004,"Llanuras del Gaspar",410,"Sarapiquí","Heredia",11
"340",41005,"Cureña",410,"Sarapiquí","Heredia",11
"341",50101,"Liberia",501,"Liberia","Guanacaste",11
"342",50102,"Cañas Dulces",501,"Liberia","Guanacaste",11
"343",50103,"Mayorga",501,"Liberia","Guanacaste",11
"344",50104,"Nacascolo",501,"Liberia","Guanacaste",11
"345",50105,"Curubandé",501,"Liberia","Guanacaste",11
"346",50201,"Nicoya",502,"Nicoya","Guanacaste",11
"347",50202,"Mansión",502,"Nicoya","Guanacaste",11
"348",50203,"San Antonio",502,"Nicoya","Guanacaste",11
"349",50204,"Quebrada Honda",502,"Nicoya","Guanacaste",11
"350",50205,"Sámara",502,"Nicoya","Guanacaste",11
"351",50206,"Nosara",502,"Nicoya","Guanacaste",11
"352",50207,"Belén de Nosarita",502,"Nicoya","Guanacaste",11
"353",50301,"Santa Cruz",503,"Santa Cruz","Guanacaste",11
"354",50302,"Bolsón",503,"Santa Cruz","Guanacaste",11
"355",50303,"Veintisiete de Abril",503,"Santa Cruz","Guanacaste",11
"356",50304,"Tempate",503,"Santa Cruz","Guanacaste",11
"357",50305,"Cartagena",503,"Santa Cruz","Guanacaste",11
"358",50306,"Cuajiniquil",503,"Santa Cruz","Guanacaste",11
"359",50307,"Diriá",503,"Santa Cruz","Guanacaste",11
"360",50308,"Cabo Velas",503,"Santa Cruz","Guanacaste",11
"361",50309,"Tamarindo",503,"Santa Cruz","Guanacaste",11
"362",50401,"Bagaces",504,"Bagaces","Guanacaste",11
"363",50402,"La Fortuna",504,"Bagaces","Guanacaste",11
"364",50403,"Mogote",504,"Bagaces","Guanacaste",11
"365",50404,"Río Naranjo",504,"Bagaces","Guanacaste",11
"366",50501,"Filadelfia",505,"Carrillo","Guanacaste",11
"367",50502,"Palmira",505,"Carrillo","Guanacaste",11
"368",50503,"Sardinal",505,"Carrillo","Guanacaste",11
"369",50504,"Belén",505,"Carrillo","Guanacaste",11
"370",50601,"Cañas",506,"Cañas","Guanacaste",11
"371",50602,"Palmira",506,"Cañas","Guanacaste",11
"372",50603,"San Miguel",506,"Cañas","Guanacaste",11
"373",50604,"Bebedero",506,"Cañas","Guanacaste",11
"374",50605,"Porozal",506,"Cañas","Guanacaste",11
"375",50701,"Las Juntas",507,"Abangares","Guanacaste",11
"376",50702,"Sierra",507,"Abangares","Guanacaste",11
"377",50703,"San Juan",507,"Abangares","Guanacaste",11
"378",50704,"Colorado",507,"Abangares","Guanacaste",11
"379",50801,"Tilarán",508,"Tilarán","Guanacaste",11
"380",50802,"Quebrada Grande",508,"Tilarán","Guanacaste",11
"381",50803,"Tronadora",508,"Tilarán","Guanacaste",11
"382",50804,"Santa Rosa",508,"Tilarán","Guanacaste",11
"383",50805,"Líbano",508,"Tilarán","Guanacaste",11
"384",50806,"Tierras Morenas",508,"Tilarán","Guanacaste",11
"385",50807,"Arenal",508,"Tilarán","Guanacaste",11
"386",50808,"Cabeceras",508,"Tilarán","Guanacaste",4
"387",50901,"Carmona",509,"Nandayure","Guanacaste",11
"388",50902,"Santa Rita",509,"Nandayure","Guanacaste",11
"389",50903,"Zapotal",509,"Nandayure","Guanacaste",11
"390",50904,"San Pablo",509,"Nandayure","Guanacaste",11
"391",50905,"Porvenir",509,"Nandayure","Guanacaste",11
"392",50906,"Bejuco",509,"Nandayure","Guanacaste",11
"393",51001,"La Cruz",510,"La Cruz","Guanacaste",11
"394",51002,"Santa Cecilia",510,"La Cruz","Guanacaste",11
"395",51003,"La Garita",510,"La Cruz","Guanacaste",11
"396",51004,"Santa Elena",510,"La Cruz","Guanacaste",11
"397",51101,"Hojancha",511,"Hojancha","Guanacaste",11
"398",51102,"Monte Romo",511,"Hojancha","Guanacaste",11
"399",51103,"Puerto Carrillo",511,"Hojancha","Guanacaste",11
"400",51104,"Huacas",511,"Hojancha","Guanacaste",11
"401",51105,"Matambú",511,"Hojancha","Guanacaste",7
"402",60101,"Puntarenas",601,"Puntarenas","Puntarenas",11
"403",60102,"Pitahaya",601,"Puntarenas","Puntarenas",11
"404",60103,"Chomes",601,"Puntarenas","Puntarenas",11
"405",60104,"Lepanto",601,"Puntarenas","Puntarenas",11
"406",60105,"Paquera",601,"Puntarenas","Puntarenas",11
"407",60106,"Manzanillo",601,"Puntarenas","Puntarenas",11
"408",60107,"Guacimal",601,"Puntarenas","Puntarenas",11
"409",60108,"Barranca",601,"Puntarenas","Puntarenas",11
"410",60111,"Cóbano",601,"Puntarenas","Puntarenas",11
"411",60112,"Chacarita",601,"Puntarenas","Puntarenas",11
"412",60113,"Chira",601,"Puntarenas","Puntarenas",11
"413",60114,"Acapulco",601,"Puntarenas","Puntarenas",11
"414",60115,"El Roble",601,"Puntarenas","Puntarenas",11
"415",60116,"Arancibia",601,"Puntarenas","Puntarenas",11
"416",60201,"Espíritu Santo",602,"Esparza","Puntarenas",11
"417",60202,"San Juan Grande",602,"Esparza","Puntarenas",11
"418",60203,"Macacona",602,"Esparza","Puntarenas",11
"419",60204,"San Rafael",602,"Esparza","Puntarenas",11
"420",60205,"San Jerónimo",602,"Esparza","Puntarenas",11
"421",60206,"Caldera",602,"Esparza","Puntarenas",9
"422",60301,"Buenos Aires",603,"Buenos Aires","Puntarenas",11
"423",60302,"Volcán",603,"Buenos Aires","Puntarenas",11
"424",60303,"Potrero Grande",603,"Buenos Aires","Puntarenas",11
"425",60304,"Boruca",603,"Buenos Aires","Puntarenas",11
"426",60305,"Pilas",603,"Buenos Aires","Puntarenas",11
"427",60306,"Colinas",603,"Buenos Aires","Puntarenas",11
"428",60307,"Chánguena",603,"Buenos Aires","Puntarenas",11
"429",60308,"Biolley",603,"Buenos Aires","Puntarenas",11
"430",60309,"Brunka",603,"Buenos Aires","Puntarenas",11
"431",60401,"Miramar",604,"Montes de Oro","Puntarenas",11
"432",60402,"La Unión",604,"Montes de Oro","Puntarenas",11
"433",60403,"San Isidro",604,"Montes de Oro","Puntarenas",11
"434",60501,"Puerto Cortés",605,"Osa","Puntarenas",11
"435",60502,"Palmar",605,"Osa","Puntarenas",11
"436",60503,"Sierpe",605,"Osa","Puntarenas",11
"437",60504,"Bahía Ballena",605,"Osa","Puntarenas",11
"438",60505,"Piedras Blancas",605,"Osa","Puntarenas",11
"439",60506,"Bahía Drake",605,"Osa","Puntarenas",11
"440",60601,"Quepos",606,"Quepos","Puntarenas",11
"441",60602,"Savegre",606,"Quepos","Puntarenas",11
"442",60603,"Naranjito",606,"Quepos","Puntarenas",11
"443",60701,"Golfito",607,"Golfito","Puntarenas",11
"444",60703,"Guaycará",607,"Golfito","Puntarenas",11
"445",60704,"Pavón",607,"Golfito","Puntarenas",11
"446",60801,"San Vito",608,"Coto Brus","Puntarenas",11
"447",60802,"Sabalito",608,"Coto Brus","Puntarenas",11
"448",60803,"Aguabuena",608,"Coto Brus","Puntarenas",11
"449",60804,"Limoncito",608,"Coto Brus","Puntarenas",11
"450",60805,"Pittier",608,"Coto Brus","Puntarenas",11
"451",60806,"Gutiérrez Braun",608,"Coto Brus","Puntarenas",9
"452",60901,"Parrita",609,"Parrita","Puntarenas",11
"453",61001,"Corredor",610,"Corredores","Puntarenas",11
"454",61002,"La Cuesta",610,"Corredores","Puntarenas",11
"455",61003,"Canoas",610,"Corredores","Puntarenas",11
"456",61004,"Laurel",610,"Corredores","Puntarenas",11
"457",61101,"Jacó",611,"Garabito","Puntarenas",11
"458",61102,"Tárcoles",611,"Garabito","Puntarenas",11
"459",61103,"Lagunillas",611,"Garabito","Puntarenas",3
"460",61201,"Monteverde",612,"Monteverde","Puntarenas",11
"461",61301,"Puerto Jiménez",613,"Puerto Jiménez","Puntarenas",11
"462",70101,"Limón",701,"Limón","Limón",11
"463",70102,"Valle La Estrella",701,"Limón","Limón",11
"464",70103,"Río Blanco",701,"Limón","Limón",11
"465",70104,"Matama",701,"Limón","Limón",11
"466",70201,"Guápiles",702,"Pococí","Limón",11
"467",70202,"Jiménez",702,"Pococí","Limón",11
"468",70203,"Rita",702,"Pococí","Limón",11
"469",70204,"Roxana",702,"Pococí","Limón",11
"470",70205,"Cariari",702,"Pococí","Limón",11
"471",70206,"Colorado",702,"Pococí","Limón",11
"472",70207,"La Colonia",702,"Pococí","Limón",11
"473",70301,"Siquirres",703,"Siquirres","Limón",11
"474",70302,"Pacuarito",703,"Siquirres","Limón",11
"475",70303,"Florida",703,"Siquirres","Limón",11
"476",70304,"Germania",703,"Siquirres","Limón",11
"477",70305,"El Cairo",703,"Siquirres","Limón",11
"478",70306,"Alegría",703,"Siquirres","Limón",11
"479",70307,"Reventazón",703,"Siquirres","Limón",6
"480",70401,"Bratsi",704,"Talamanca","Limón",11
"481",70402,"Sixaola",704,"Talamanca","Limón",11
"482",70403,"Cahuita",704,"Talamanca","Limón",11
"483",70404,"Telire",704,"Talamanca","Limón",11
"484",70501,"Matina",705,"Matina","Limón",11
"485",70502,"Batán",705,"Matina","Limón",11
"486",70503,"Carrandí",705,"Matina","Limón",11
"487",70601,"Guácimo",706,"Guácimo","Limón",11
"488",70602,"Mercedes",706,"Guácimo","Limón",11
"489",70603,"Pocora",706,"Guácimo","Limón",11
"490",70604,"Río Jiménez",706,"Guácimo","Limón",11
"491",70605,"Duacarí",706,"Guácimo","Limón",11
