"","effect","group","term","estimate","std.error","statistic","conf.low","conf.high","cod_canton"
"1","fixed","cantón","(Intercept)",706.951993614573,58.1961047381328,12.1477545068638,592.889724287312,821.014262941834,NA
"2","fixed","cantón","102-Escazú",-185.236089978049,125.717954821476,-1.47342589402675,-431.638753638176,61.1665736820787,102
"3","fixed","cantón","103-Desamparados",-293.616430045988,79.0729354458964,-3.71323548810056,-448.596535671805,-138.63632442017,103
"4","fixed","cantón","104-Puriscal",-306.227951959657,86.7536308133137,-3.52985747211702,-476.261943881836,-136.193960037478,104
"5","fixed","cantón","105-Tarrazú",-389.950616321039,125.717954821476,-3.10178937348115,-636.353279981167,-143.547952660912,105
"6","fixed","cantón","106-Aserrí",-261.440811812796,93.3213793605204,-2.80151036776679,-444.347354347016,-78.5342692785764,106
"7","fixed","cantón","107-Mora",-352.786731343423,94.0383835816871,-3.75151845349376,-537.098576327893,-168.474886358954,107
"8","fixed","cantón","108-Goicoechea",-300.056034503721,93.3213793605204,-3.21529789379281,-482.962577037941,-117.149491969502,108
"9","fixed","cantón","109-Santa Ana",-390.492213225777,97.9586411991982,-3.98629675182727,-582.487621950687,-198.496804500867,109
"10","fixed","cantón","110-Alajuelita",-357.985868994016,104.104356975938,-3.43872129268094,-562.026659300556,-153.945078687477,110
"11","fixed","cantón","111-Vázquez de Coronado",-300.035627368979,104.104356975938,-2.88206599689509,-504.076417675519,-95.9948370624393,111
"12","fixed","cantón","112-Acosta",-308.724763583191,104.104356975938,-2.96553163144313,-512.765553889731,-104.683973276651,112
"13","fixed","cantón","113-Tibás",-177.147530420239,104.104356975938,-1.70163416369964,-381.188320726779,26.8932598863005,113
"14","fixed","cantón","114-Moravia",-325.219697340207,125.717954821477,-2.5868993637546,-571.622361000334,-78.8170336800792,114
"15","fixed","cantón","115-Montes de Oca",-332.682876718158,112.696272232244,-2.95203088911909,-553.563511485277,-111.802241951038,115
"16","fixed","cantón","116-Turrubares",-471.346877248484,104.104356975938,-4.52763833273018,-675.387667555024,-267.306086941944,116
"17","fixed","cantón","117-Dota",-477.88390538571,125.717954821476,-3.80123830414136,-724.286569045837,-231.481241725582,117
"18","fixed","cantón","118-Curridabat",-414.793136751121,112.696272232244,-3.6806287247578,-635.673771518241,-193.912501984002,118
"19","fixed","cantón","119-Pérez Zeledón",-332.686839847435,80.8436903442226,-4.11518621219411,-491.137561299419,-174.23611839545,119
"20","fixed","cantón","120-León Cortés Castro",-307.480822431188,97.9586411991982,-3.13888411136623,-499.476231156098,-115.485413706279,120
"21","fixed","cantón","201-Alajuela",-363.783033912327,77.7678161338028,-4.67780956181698,-516.205152690914,-211.360915133741,201
"22","fixed","cantón","202-San Ramón",-349.052642995262,78.0568746312035,-4.47177323771207,-502.041306018179,-196.063979972345,202
"23","fixed","cantón","203-Grecia",-307.975746676441,93.3213793605204,-3.30016282214031,-490.882289210661,-125.069204142222,203
"24","fixed","cantón","204-San Mateo",-330.657219439792,112.696272232244,-2.93405640568461,-551.537854206911,-109.776584672672,204
"25","fixed","cantón","205-Atenas",-315.685708232924,89.6862207413595,-3.5198908552888,-491.467470795498,-139.90394567035,205
"26","fixed","cantón","206-Naranjo",-355.369009881613,89.6862207413596,-3.96235906635468,-531.150772444187,-179.58724731904,206
"27","fixed","cantón","207-Palmares",-246.85323370932,93.3213793605204,-2.64519486746626,-429.75977624354,-63.9466911751007,207
"28","fixed","cantón","208-Poás",-399.675416611614,104.104356975938,-3.83918049370395,-603.716206918154,-195.634626305074,208
"29","fixed","cantón","209-Orotina",-270.652778961472,104.104356975938,-2.59982182132904,-474.693569268012,-66.611988654932,209
"30","fixed","cantón","210-San Carlos",-459.644684889515,79.0729354458964,-5.81292046763604,-614.624790515333,-304.664579263697,210
"31","fixed","cantón","211-Zarcero",-432.702427865216,93.3213793605204,-4.63669130086038,-615.608970399436,-249.795885330997,211
"32","fixed","cantón","212-Sarchí",-416.267694170457,104.104356975938,-3.99856169580558,-620.308484476997,-212.226903863917,212
"33","fixed","cantón","213-Upala",-395.755760818262,89.6862207413596,-4.41267072630429,-571.537523380836,-219.973998255688,213
"34","fixed","cantón","214-Los Chiles",-473.558562014166,112.696272232244,-4.20207831753528,-694.439196781285,-252.677927247046,214
"35","fixed","cantón","215-Guatuso",-422.477801564342,112.696272232244,-3.74881789074356,-643.358436331462,-201.597166797223,215
"36","fixed","cantón","216-Río Cuarto",-540.622810859214,204.844798127924,-2.63918252159666,-942.111237610323,-139.134384108105,216
"37","fixed","cantón","301-Cartago",-252.84097682723,82.3017205978423,-3.07212261166092,-414.14938506468,-91.5325685897813,301
"38","fixed","cantón","302-Paraíso",-345.138671584989,104.104356975938,-3.3153143788666,-549.179461891529,-141.097881278449,302
"39","fixed","cantón","303-La Unión",-326.028730493569,89.6862207413596,-3.63521539650759,-501.810493056143,-150.246967930995,303
"40","fixed","cantón","304-Jiménez",-291.487771604166,125.717954821476,-2.31858505826067,-537.890435264293,-45.0851079440382,304
"41","fixed","cantón","305-Turrialba",-318.874097916987,80.568858724339,-3.95778347820457,-476.786159292187,-160.962036541787,305
"42","fixed","cantón","306-Alvarado",-329.049300561354,125.717954821476,-2.61736122758769,-575.451964221481,-82.6466369012263,306
"43","fixed","cantón","307-Oreamuno",-343.111929466008,104.104356975938,-3.29584600907062,-547.152719772548,-139.071139159469,307
"44","fixed","cantón","308-El Guarco",-438.403308807367,112.696272232244,-3.89013141360974,-659.283943574486,-217.522674040248,308
"45","fixed","cantón","401-Heredia",-273.822619614391,104.104356975938,-2.63027050517857,-477.863409920931,-69.7818293078509,401
"46","fixed","cantón","402-Barva",-326.159296248051,97.9586411991982,-3.32956125417061,-518.154704972961,-134.163887523142,402
"47","fixed","cantón","403-Santo Domingo",-213.210974435206,89.6862207413595,-2.37729912881569,-388.99273699778,-37.4292118726322,403
"48","fixed","cantón","404-Santa Bárbara",-344.986727624467,97.9586411991982,-3.52175901381624,-536.982136349377,-152.991318899557,404
"49","fixed","cantón","405-San Rafael",-359.823167786908,104.104356975938,-3.45636991802442,-563.863958093448,-155.782377480368,405
"50","fixed","cantón","406-San Isidro",-321.93989956083,112.696272232244,-2.85670407001021,-542.820534327949,-101.05926479371,406
"51","fixed","cantón","407-Belén",-348.73122504393,125.717954821476,-2.7739174212557,-595.133888704057,-102.328561383803,407
"52","fixed","cantón","408-Flores",-158.501338374826,125.717954821476,-1.26076930379518,-404.904002034954,87.9013252853012,408
"53","fixed","cantón","409-San Pablo",-407.307952756701,148.371536837078,-2.7451892825236,-698.110821288232,-116.505084225171,409
"54","fixed","cantón","410-Sarapiquí",-519.192596120509,104.104356975938,-4.98723215052864,-723.233386427049,-315.15180581397,410
"55","fixed","cantón","501-Liberia",-380.379137009974,104.104356975938,-3.65382533507115,-584.419927316513,-176.338346703434,501
"56","fixed","cantón","502-Nicoya",-208.263427531297,93.3213793605204,-2.23167969610405,-391.169970065517,-25.3568849970775,502
"57","fixed","cantón","503-Santa Cruz",-313.571070356259,86.7536308133137,-3.61450082741824,-483.605062278438,-143.53707843408,503
"58","fixed","cantón","504-Bagaces",-293.106065356571,112.696272232244,-2.60084969583146,-513.98670012369,-72.2254305894514,504
"59","fixed","cantón","505-Carrillo",-280.130175574274,112.696272232244,-2.48570933204412,-501.010810341393,-59.2495408071543,505
"60","fixed","cantón","506-Cañas",-381.626490653969,104.104356975938,-3.66580709722049,-585.667280960509,-177.585700347429,506
"61","fixed","cantón","507-Abangares",-321.613660958043,112.696272232244,-2.85380922179274,-542.494295725162,-100.733026190924,507
"62","fixed","cantón","508-Tilarán",-331.829027448109,93.3213793605204,-3.55576642482086,-514.735569982328,-148.922484913889,508
"63","fixed","cantón","509-Nandayure",-240.963035900878,97.9586411991982,-2.45984461351277,-432.958444625788,-48.9676271759681,509
"64","fixed","cantón","510-La Cruz",-419.226243691286,112.696272232244,-3.71996549120406,-640.106878458405,-198.345608924166,510
"65","fixed","cantón","511-Hojancha",-328.30598679459,106.462459864724,-3.08377231948005,-536.968573834989,-119.643399754191,511
"66","fixed","cantón","601-Puntarenas",-304.223217920371,77.7678161338028,-3.91194240811575,-456.645336698958,-151.801099141785,601
"67","fixed","cantón","602-Esparza",-303.223157556128,98.8989316372394,-3.06599022392222,-497.061501674606,-109.38481343765,602
"68","fixed","cantón","603-Buenos Aires",-438.30172583762,86.7536308133138,-5.05225800613242,-608.3357177598,-268.267733915441,603
"69","fixed","cantón","604-Montes de Oro",-455.818365268082,125.717954821476,-3.625722084927,-702.221028928209,-209.415701607954,604
"70","fixed","cantón","605-Osa",-309.572651015669,97.9586411991982,-3.16023831308721,-501.568059740579,-117.577242290759,605
"71","fixed","cantón","606-Quepos",-403.374884606257,125.717954821476,-3.20857020923592,-649.777548266384,-156.972220946129,606
"72","fixed","cantón","607-Golfito",-291.211222387032,125.717954821476,-2.31638529914491,-537.613886047159,-44.8085587269045,607
"73","fixed","cantón","608-Coto Brus",-305.621273659799,98.8989316372394,-3.09023837366429,-499.459617778277,-111.782929541321,608
"74","fixed","cantón","609-Parrita",-396.374231916058,201.597220417596,-1.96616913216855,-791.49752331793,-1.25094051418586,609
"75","fixed","cantón","610-Corredores",-346.191611902988,112.696272232244,-3.07189940754703,-567.072246670108,-125.310977135869,610
"76","fixed","cantón","611-Garabito",-379.055572506094,148.371536837078,-2.55477283976861,-669.858441037625,-88.2527039745638,611
"77","fixed","cantón","612-Monteverde",-467.34084939184,201.597220417596,-2.31819093747311,-862.464140793712,-72.2175579899684,612
"78","fixed","cantón","613-Puerto Jiménez",-454.954264324075,201.597220417596,-2.25674869614603,-850.077555725947,-59.8309729222034,613
"79","fixed","cantón","701-Limón",-370.767143001028,112.696272232244,-3.2899681210125,-591.647777768148,-149.886508233909,701
"80","fixed","cantón","702-Pococí",-439.96053000261,93.3213793605204,-4.71446664223585,-622.86707253683,-257.053987468391,702
"81","fixed","cantón","703-Siquirres",-403.57095373756,94.8609066360127,-4.25434426097241,-589.494914284962,-217.646993190158,703
"82","fixed","cantón","704-Talamanca",-425.222546660731,112.696272232244,-3.77317313375223,-646.10318142785,-204.341911893611,704
"83","fixed","cantón","705-Matina",-416.608348330069,125.717954821476,-3.31383332573033,-663.011011990196,-170.205684669941,705
"84","fixed","cantón","706-Guácimo",-443.771314294947,104.104356975938,-4.26275448200038,-647.812104601487,-239.730523988407,706
"85","fixed","pendiente anho","anho",22.0511745797984,4.22456110619108,5.21975514745958,13.7711869611752,30.3311621984216,NA
"86","fixed","cantón*anho","102-Escazú:anho",-6.77384671671772,9.12609503126686,-0.74225029363708,-24.6606642974907,11.1129708640553,102
"87","fixed","cantón*anho","103-Desamparados:anho",-8.868158895355,5.74004822385642,-1.54496243751015,-20.1184466836367,2.38212889292669,103
"88","fixed","cantón*anho","104-Puriscal:anho",-3.16452626115025,6.29760387236284,-0.502496874253687,-15.5076030398814,9.1785505175809,104
"89","fixed","cantón*anho","105-Tarrazú:anho",-6.94320526399622,9.12609503126686,-0.760807907457477,-24.8300228447692,10.9436123167768,105
"90","fixed","cantón*anho","106-Aserrí:anho",-9.93765269886645,6.77436868665276,-1.46694890085421,-23.2151713427018,3.33986594496887,106
"91","fixed","cantón*anho","107-Mora:anho",-4.09882252274325,6.89517189429544,-0.594448200215911,-17.6131111027751,9.41546605728862,107
"92","fixed","cantón*anho","108-Goicoechea:anho",14.0104516068571,6.77436868665276,2.06815605333989,0.732932963021787,27.2879702506924,108
"93","fixed","cantón*anho","109-Santa Ana:anho",-2.17180563146514,7.11099595906424,-0.30541511259007,-16.1091016054409,11.7654903425106,109
"94","fixed","cantón*anho","110-Alajuelita:anho",-6.25028015394544,7.55712464683527,-0.827071200494608,-21.0619722884225,8.56141198053166,110
"95","fixed","cantón*anho","111-Vázquez de Coronado:anho",-7.29948045138712,7.55712464683527,-0.965907113156319,-22.1111725858642,7.51221168308998,111
"96","fixed","cantón*anho","112-Acosta:anho",-5.49708665472741,7.55712464683527,-0.727404523760165,-20.3087787892045,9.31460547974969,112
"97","fixed","cantón*anho","113-Tibás:anho",-14.5918401041955,7.55712464683527,-1.93087196336058,-29.4035322386726,0.219852030281627,113
"98","fixed","cantón*anho","114-Moravia:anho",0.198277843557714,9.12609503126686,0.0217264714950256,-17.6885397372153,18.0850954243307,114
"99","fixed","cantón*anho","115-Montes de Oca:anho",-9.62274955699812,8.18082740465601,-1.17625627348176,-25.6568766338622,6.41137751986594,115
"100","fixed","cantón*anho","116-Turrubares:anho",9.94288565988736,7.55712464683527,1.31569692502706,-4.86880647458973,24.7545777943645,116
"101","fixed","cantón*anho","117-Dota:anho",20.632950801558,9.12609503126686,2.26087398069685,2.74613322078508,38.519768382331,117
"102","fixed","cantón*anho","118-Curridabat:anho",3.9095143060774,8.18082740465601,0.477887396066118,-12.1246127707867,19.9436413829415,118
"103","fixed","cantón*anho","119-Pérez Zeledón:anho",-0.524967054289793,5.89507343537516,-0.0890518260789714,-12.0790986738439,11.0291645652643,119
"104","fixed","cantón*anho","120-León Cortés Castro:anho",-13.0104448339131,7.11099595906424,-1.82962343233074,-26.9477408078889,0.926851140062661,120
"105","fixed","cantón*anho","201-Alajuela:anho",-4.82037983684549,5.64530723887743,-0.853873780978486,-15.8849787067085,6.24421903301753,201
"106","fixed","cantón*anho","202-San Ramón:anho",4.47322180333364,5.6910863625409,0.78600490633505,-6.68110250015358,15.6275461068209,202
"107","fixed","cantón*anho","203-Grecia:anho",-8.71174445309868,6.77436868665276,-1.2859861717097,-21.989263096934,4.56577419073664,203
"108","fixed","cantón*anho","204-San Mateo:anho",-0.639135155107978,8.18082740465601,-0.0781259796220885,-16.673262231972,15.3949919217561,204
"109","fixed","cantón*anho","205-Atenas:anho",-2.82847712965915,6.51048590985009,-0.434449466418441,-15.5887950348208,9.93184077550251,205
"110","fixed","cantón*anho","206-Naranjo:anho",-7.5695089264312,6.51048590985009,-1.16266420529055,-20.3298268315929,5.19080897873046,206
"111","fixed","cantón*anho","207-Palmares:anho",-8.26975830873634,6.77436868665276,-1.22074228481687,-21.5472769525717,5.00776033509898,207
"112","fixed","cantón*anho","208-Poás:anho",0.456616749569074,7.55712464683527,0.060422021722282,-14.355075384908,15.2683088840462,208
"113","fixed","cantón*anho","209-Orotina:anho",-6.61213077426322,7.55712464683527,-0.874953250510723,-21.4238229087403,8.19956136021388,209
"114","fixed","cantón*anho","210-San Carlos:anho",-3.38586313568399,5.74004822385642,-0.589866670738389,-14.6361509239657,7.8644246525977,210
"115","fixed","cantón*anho","211-Zarcero:anho",-1.74923941787993,6.77436868665276,-0.258214381116631,-15.0267580617152,11.5282792259554,211
"116","fixed","cantón*anho","212-Sarchí:anho",-0.706229289314566,7.55712464683527,-0.093452116025414,-15.5179214237917,14.1054628451625,212
"117","fixed","cantón*anho","213-Upala:anho",-4.8691237865671,6.51048590985009,-0.747889459249166,-17.6294416917288,7.89119411859456,213
"118","fixed","cantón*anho","214-Los Chiles:anho",-5.56712362968934,8.18082740465601,-0.680508627589538,-21.6012507065534,10.4670034471747,214
"119","fixed","cantón*anho","215-Guatuso:anho",-8.85268536551544,8.18082740465601,-1.08212591803086,-24.8868124423795,7.18144171134862,215
"120","fixed","cantón*anho","216-Río Cuarto:anho",-6.75574036782595,18.6689719102656,-0.361869973359976,-43.3462529403364,29.8347722046845,216
"121","fixed","cantón*anho","301-Cartago:anho",-3.58410401525789,5.97443161144891,-0.599907112233005,-15.2937748017953,8.12556677127956,301
"122","fixed","cantón*anho","302-Paraíso:anho",0.363862425903833,7.55712464683527,0.0481482631170057,-14.4478297085733,15.1755545603809,302
"123","fixed","cantón*anho","303-La Unión:anho",-6.77284940670127,6.51048590985009,-1.04029860451034,-19.5331673118629,5.98746849846039,303
"124","fixed","cantón*anho","304-Jiménez:anho",3.01054919335773,9.12609503126686,0.329883612108279,-14.8762683874152,20.8973667741307,304
"125","fixed","cantón*anho","305-Turrialba:anho",0.250706378282495,5.84864001584002,0.0428657564157651,-11.2124174113037,11.7138301678687,305
"126","fixed","cantón*anho","306-Alvarado:anho",-5.65253739741837,9.12609503126686,-0.6193818252004,-23.5393549781913,12.2342801833546,306
"127","fixed","cantón*anho","307-Oreamuno:anho",-9.12336255294447,7.55712464683527,-1.20725315239641,-23.9350546874216,5.68832958153263,307
"128","fixed","cantón*anho","308-El Guarco:anho",-0.424141733482722,8.18082740465601,-0.0518458234727366,-16.4582688103468,15.6099853433813,308
"129","fixed","cantón*anho","401-Heredia:anho",-12.6347297606577,7.55712464683527,-1.67189643563029,-27.4464218951348,2.17696237381939,401
"130","fixed","cantón*anho","402-Barva:anho",4.00906756870426,7.11099595906424,0.563784256352162,-9.92822840527151,17.94636354268,402
"131","fixed","cantón*anho","403-Santo Domingo:anho",-6.22678578872182,6.51048590985009,-0.956424124856941,-18.9871036938835,6.53353211643984,403
"132","fixed","cantón*anho","404-Santa Bárbara:anho",-4.35741738570707,7.11099595906424,-0.612771742635116,-18.2947133596828,9.57987858826871,404
"133","fixed","cantón*anho","405-San Rafael:anho",-5.13937555698587,7.55712464683527,-0.680070237975777,-19.951067691463,9.67231657749123,405
"134","fixed","cantón*anho","406-San Isidro:anho",1.33468789983231,8.18082740465601,0.163148277529079,-14.6994391770317,17.3688149766964,406
"135","fixed","cantón*anho","407-Belén:anho",0.525600653941972,9.12609503126686,0.0575931602882958,-17.361216926831,18.4124182347149,407
"136","fixed","cantón*anho","408-Flores:anho",1.79096452506111,9.12609503126686,0.196246534681603,-16.0958530557119,19.6777821058341,408
"137","fixed","cantón*anho","409-San Pablo:anho",-1.74887029908751,10.7705597584155,-0.162375061121688,-22.8587795189183,19.3610389207433,409
"138","fixed","cantón*anho","410-Sarapiquí:anho",-13.9928417387837,7.55712464683527,-1.85160922873537,-28.8045338732608,0.818850395693362,410
"139","fixed","cantón*anho","501-Liberia:anho",-5.80818773922862,7.55712464683527,-0.768571118072129,-20.6198798737057,9.00350439524848,501
"140","fixed","cantón*anho","502-Nicoya:anho",-2.56194011417486,6.77436868665276,-0.378181382306891,-15.8394587580102,10.7155785296605,502
"141","fixed","cantón*anho","503-Santa Cruz:anho",1.46033116181305,6.29760387236284,0.231886792407147,-10.8827456169181,13.8034079405442,503
"142","fixed","cantón*anho","504-Bagaces:anho",-7.32139568623123,8.18082740465601,-0.894945623967614,-23.3555227630953,8.71273139063283,504
"143","fixed","cantón*anho","505-Carrillo:anho",-4.55567640126349,8.18082740465601,-0.556872327934786,-20.5898034781275,11.4784506756006,505
"144","fixed","cantón*anho","506-Cañas:anho",11.5293793769067,7.55712464683527,1.52563043693276,-3.28231275757044,26.3410715113838,506
"145","fixed","cantón*anho","507-Abangares:anho",-1.29542587341031,8.18082740465601,-0.1583490042429,-17.3295529502744,14.7387012034537,507
"146","fixed","cantón*anho","508-Tilarán:anho",-4.12236135103002,6.77436868665276,-0.608523323974399,-17.3998799948653,9.15515729280529,508
"147","fixed","cantón*anho","509-Nandayure:anho",1.19192885836478,7.11099595906424,0.167617709984134,-12.745367115611,15.1292248323406,509
"148","fixed","cantón*anho","510-La Cruz:anho",-10.9589831992992,8.18082740465601,-1.33959349797089,-26.9931102761633,5.07514387756483,510
"149","fixed","cantón*anho","511-Hojancha:anho",-0.922539055409274,7.90416273158153,-0.1167155949008,-16.4144133372528,14.5693352264343,511
"150","fixed","cantón*anho","601-Puntarenas:anho",-8.67174384710526,5.64530723887743,-1.53609776760877,-19.7363427169683,2.39285502275776,601
"151","fixed","cantón*anho","602-Esparza:anho",-2.75536967203218,7.26922414394503,-0.379045908816458,-17.0027871897134,11.4920478456491,602
"152","fixed","cantón*anho","603-Buenos Aires:anho",-5.6332524487088,6.29760387236284,-0.894507270206441,-17.9763292274399,6.70982433002235,603
"153","fixed","cantón*anho","604-Montes de Oro:anho",20.0319486438673,9.12609503126686,2.19501863340629,2.1451310630943,37.9187662246402,604
"154","fixed","cantón*anho","605-Osa:anho",0.451104240620975,7.11099595906424,0.0634375610980289,-13.4861917333548,14.3884002145967,605
"155","fixed","cantón*anho","606-Quepos:anho",6.37024872856644,9.12609503126686,0.698025684232015,-11.5165688522065,24.2570663093394,606
"156","fixed","cantón*anho","607-Golfito:anho",-7.60155970827138,9.12609503126686,-0.832947682686595,-25.4883772890444,10.2852578725016,607
"157","fixed","cantón*anho","608-Coto Brus:anho",0.133314919701797,7.26922414394503,0.0183396352983342,-14.1141025979795,14.3807324373831,608
"158","fixed","cantón*anho","609-Parrita:anho",-1.01497581878152,14.6343089512028,-0.0693559102903932,-29.6976943017712,27.6677426642082,609
"159","fixed","cantón*anho","610-Corredores:anho",-7.67878480903868,8.18082740465601,-0.938631806932927,-23.7129118859027,8.35534226782539,610
"160","fixed","cantón*anho","611-Garabito:anho",2.19221861048866,10.7705597584155,0.203538038844805,-18.9176906093421,23.3021278303194,611
"161","fixed","cantón*anho","612-Monteverde:anho",-1.58648134599403,14.6343089512028,-0.108408354045555,-30.2691998289837,27.0962371369957,612
"162","fixed","cantón*anho","613-Puerto Jiménez:anho",-5.60806703719447,14.6343089512028,-0.383213656066317,-34.2907855201842,23.0746514457952,613
"163","fixed","cantón*anho","701-Limón:anho",3.39478250856812,8.18082740465601,0.414968112716328,-12.6393445682959,19.4289095854322,701
"164","fixed","cantón*anho","702-Pococí:anho",-3.31066223666594,6.77436868665276,-0.48870417153244,-16.5881808805013,9.96685640716937,702
"165","fixed","cantón*anho","703-Siquirres:anho",-7.19775685416858,6.98698961147715,-1.03016567283072,-20.8920048530193,6.49649114468213,703
"166","fixed","cantón*anho","704-Talamanca:anho",-3.49408953315953,8.18082740465601,-0.427107107915627,-19.5282166100236,12.5400375437045,704
"167","fixed","cantón*anho","705-Matina:anho",-5.12215548521685,9.12609503126686,-0.561264754275281,-23.0089730659898,12.7646620955561,705
"168","fixed","cantón*anho","706-Guácimo:anho",-7.6056750686828,7.55712464683527,-1.0064244569352,-22.4173672031599,7.20601706579431,706
"169","ran_pars","distrito_nombre2","sd__(Intercept)",173.257635808302,NA,NA,NA,NA,NA
"170","ran_pars","distrito_nombre2","sd__anho",8.4931578537132,NA,NA,NA,NA,NA
"171","ran_pars","distrito_nombre2","cor__(Intercept).anho",0.26212219908574,NA,NA,NA,NA,NA
"172","ran_pars","Residual","sd__Observation",126.880055527617,NA,NA,NA,NA,NA
