cod_canton,cod_distrito,pob_total_2011,pob_mujer_2011,pob_hombre_2011,por_0a14anhos_2011,por_15a65anhos_2011,por_mayor65anhos_2011,edad_media_2011,por_poburbana_2011,prom_hijos_2011,por_mujfertil_2011,por_madres_2011,por_madres_solteras_2011,por_madres_adolescentes_2011,poblacion_total_2022,pob_hombre_2022,pob_mujer_2022,cambio_mujer_porcent,cambio_hombre_porcent,cambio_total_porcent,cambio_mujer_absoluto,cambio_hombre_absoluto,cambio_total_absoluto
101,10101,2702,1521,1181,10,68.1,21.9,44,100,1.7,44.4,60.2,11.3,5.6,2759,1280,1479,-2.76,8.38,2.11,-42.00,99,57
101,10102,12257,6371,5886,21.2,68.8,10,33.7,100,2.1,54.2,71.5,19.5,2.1,15804,7479,8325,30.67,27.06,28.94,1954.00,1593,3547
101,10103,19270,9906,9364,21.7,68,10.4,33.7,100,2.2,52.1,70.5,19.1,8.1,25619,12259,13360,34.87,30.92,32.95,3454.00,2895,6349
101,10104,12936,6836,6100,17,68.6,14.4,37.7,100,1.9,49.6,66.9,16.8,3.9,14355,6491,7864,15.04,6.41,10.97,1028.00,391,1419
101,10105,18679,9989,8690,16.8,69.3,13.9,37.5,100,1.9,50.1,65.5,14.1,1.7,19684,8760,10924,9.36,0.81,5.38,935.00,70,1005
101,10106,20209,10774,9435,16.4,71.4,12.2,37.1,100,1.8,51.6,66.1,13,1.6,21682,10416,11266,4.57,10.40,7.29,492.00,981,1473
101,10107,31728,16434,15294,28.4,66.2,5.4,28.5,100,2.3,56.1,70.1,15.8,6.7,46829,22071,24758,50.65,44.31,47.60,8324.00,6777,15101
101,10108,8313,4587,3726,14.9,68.7,16.4,38.7,100,1.7,51.8,63.2,13.3,2.5,11491,5351,6140,33.86,43.61,38.23,1553.00,1625,3178
101,10109,71384,37506,33878,23.6,68.6,7.8,31.7,100,2.2,54.6,71.2,16.2,5.8,83573,41152,42421,13.10,21.47,17.08,4915.00,7274,12189
101,10110,50511,26756,23755,21.7,68.1,10.2,33.9,100,2.3,51.5,72.7,18.3,4,60363,29345,31018,15.93,23.53,19.50,4262.00,5590,9852
101,10111,40065,21003,19062,21,69.8,9.1,33.6,100,2.1,53.6,70.6,16,3.6,50222,24213,26009,23.83,27.02,25.35,5006.00,5151,10157
102,10201,11984,6454,5530,20.1,68.9,11,35.2,100,2,52.7,67.4,14.7,2.6,12590,5997,6593,2.15,8.44,5.06,139.00,467,606
102,10202,22554,11561,10993,22.2,70.7,7.1,32,98.2,2.1,57,69,14.3,3.7,26549,12542,14007,21.16,14.09,17.71,2446.00,1549,3995
102,10203,21971,11834,10137,19.6,71,9.4,34.9,100,1.8,55.7,67.8,11.3,2.1,32361,15384,16977,43.46,51.76,47.29,5143.00,5247,10390
103,10301,33866,17819,16047,20.4,70.4,9.2,33.9,100,2.1,53.7,69.6,15.9,3.1,31783,15064,16719,-6.17,-6.13,-6.15,-1100.00,-983,-2083
103,10302,31805,16337,15468,24.3,69.5,6.2,30.7,95,2.2,57.3,69.1,13.7,3.2,38194,18251,19943,22.07,17.99,20.09,3606.00,2783,6389
103,10303,19481,10185,9296,25.8,68.6,5.7,29.9,100,2.2,57.1,70.8,16.4,4.6,19583,9394,10189,0.04,1.05,0.52,4.00,98,102
103,10304,15262,8190,7072,22.5,71.5,6,31.4,100,2.1,59.4,70.5,16.4,3.9,24008,11297,12711,55.20,59.74,57.31,4521.00,4225,8746
103,10305,9727,5117,4610,18.5,71.2,10.3,35.3,100,1.9,54.1,67.9,12.2,3.4,9360,4395,4965,-2.97,-4.66,-3.77,-152.00,-215,-367
103,10306,3772,1846,1926,24.6,68.3,7.1,31.7,13,2.4,54.8,67.6,11,2,4111,2022,2089,13.16,4.98,8.99,243.00,96,339
103,10307,11921,6061,5860,26,68.6,5.4,29.7,86.8,2.2,58.3,71.6,12.5,4.5,12756,6140,6616,9.16,4.78,7.00,555.00,280,835
103,10308,3905,1985,1920,27.3,66.4,6.4,30.2,0,2.5,54,69.5,11.2,4.3,4755,2290,2465,24.18,19.27,21.77,480.00,370,850
103,10309,3088,1557,1531,26.1,67.7,6.1,30.4,0,2.5,56.2,73.2,10.6,5.7,3465,1692,1773,13.87,10.52,12.21,216.00,161,377
103,10310,13175,6866,6309,22.6,70.6,6.8,32,100,2.1,55.2,71.1,15.2,2.3,13475,6380,7095,3.34,1.13,2.28,229.00,71,300
103,10311,23283,12217,11066,23.5,70.6,5.9,31.1,100,2.1,56.5,71.2,15.5,4.5,21408,10150,11258,-7.85,-8.28,-8.05,-959.00,-916,-1875
103,10312,15024,7878,7146,17.7,70.3,12,36.3,100,2,51.4,67.9,14.3,2,15666,7311,8355,6.05,2.31,4.27,477.00,165,642
103,10313,24102,12379,11723,29.9,66.2,3.9,27.3,100,2.6,56,75.7,18.5,8.6,24662,11823,12839,3.72,0.85,2.32,460.00,100,560
104,10401,11512,5871,5641,20.8,69.9,9.3,33.4,65.4,2.2,55.7,69.1,13.3,2.3,12189,5815,6374,8.57,3.08,5.88,503.00,174,677
104,10402,5866,2895,2971,22.2,68,9.8,33,0,2.5,55.1,69.2,12.2,3,7056,3455,3601,24.39,16.29,20.29,706.00,484,1190
104,10403,3692,1845,1847,23.1,68.4,8.4,31.9,5.5,2.5,57.1,65.5,8.5,1.5,5104,2448,2656,43.96,32.54,38.24,811.00,601,1412
104,10404,1182,588,594,22,66.3,11.7,34,0,2.4,56.3,62.9,13.6,0,1570,767,803,36.56,29.12,32.83,215.00,173,388
104,10405,1730,857,873,18.6,70.5,10.9,36.1,0,2.5,53.7,69.5,10.4,1.1,2156,1036,1120,30.69,18.67,24.62,263.00,163,426
104,10406,1436,686,750,22.6,65.3,12.2,34.5,0,2.8,50.9,66.1,13.5,1.3,1613,804,809,17.93,7.20,12.33,123.00,54,177
104,10407,666,330,336,18.6,71.6,9.8,33.5,0,2.2,60,67.3,8.6,0,907,451,456,38.18,34.23,36.19,126.00,115,241
104,10408,3889,1949,1940,23.4,68.9,7.7,31.3,0,2.2,57.8,67.8,12.4,4.2,4908,2359,2549,30.79,21.60,26.20,600.00,419,1019
104,10409,3031,1418,1613,24.5,66.2,9.3,32.7,0,3,54.2,69.8,8.5,1.9,3022,1550,1472,3.81,-3.91,-0.30,54.00,-63,-9
105,10501,9993,5090,4903,25.7,67.4,6.9,30.6,67.8,2.4,55,66.3,11.6,3.5,10674,5521,5153,1.24,12.60,6.81,63.00,618,681
105,10502,4394,2172,2222,29.1,65.3,5.6,28.4,32.1,2.5,54.6,65,11.2,2.1,4796,2552,2244,3.31,14.85,9.15,72.00,330,402
105,10503,1893,927,966,33.6,60.6,5.8,27,0,3.1,51.5,68.4,7.3,2.4,2340,1250,1090,17.58,29.40,23.61,163.00,284,447
106,10601,28191,14565,13626,24.5,69.6,5.9,30.7,94.2,2.2,56.8,70.1,15.1,3.6,29112,14412,14700,0.93,5.77,3.27,135.00,786,921
106,10602,1446,692,754,24.2,69.2,6.6,31.4,0,2.5,57.7,75.6,12.2,2.3,1848,936,912,31.79,24.14,27.80,220.00,182,402
106,10603,6499,3308,3191,23.7,68.9,7.3,31.2,35.4,2.4,58,69.3,13,4.2,7348,3641,3707,12.06,14.10,13.06,399.00,450,849
106,10604,6061,3044,3017,25.4,68.8,5.8,29.8,18.3,2.4,57.7,72.7,14.2,3.1,6302,3109,3193,4.89,3.05,3.98,149.00,92,241
106,10605,1521,759,762,30.1,61.6,8.3,29.4,0,2.9,52.2,71.8,9,4.1,1549,774,775,2.11,1.57,1.84,16.00,12,28
106,10606,498,256,242,27.3,66.9,5.8,29.5,38,2.6,52.3,71.4,18.2,10,508,253,255,-0.39,4.55,2.01,-1.00,11,10
106,10607,13676,6938,6738,26.1,68.1,5.8,29.8,80.6,2.3,55.9,73.6,15.7,5.8,12921,6440,6481,-6.59,-4.42,-5.52,-457.00,-298,-755
107,10701,16088,8344,7744,21.4,70.9,7.7,32.9,70,2,57.5,67.4,12.1,3.8,17274,8325,8949,7.25,7.50,7.37,605.00,581,1186
107,10702,4449,2327,2122,24,69.3,6.7,31.2,11.9,2.2,58.1,66.4,17.2,1.6,5292,2565,2727,17.19,20.88,18.95,400.00,443,843
107,10703,4703,2407,2296,24.3,67.4,8.3,31.7,6.1,2.4,55.4,71.5,15.4,2.9,4793,2319,2474,2.78,1.00,1.91,67.00,23,90
107,10704,379,178,201,24,67.8,8.2,30.7,0,2.3,59,72.2,9.4,5.6,656,341,315,76.97,69.65,73.09,137.00,140,277
107,10705,675,324,351,19.7,67.9,12.4,36.5,0,2.6,48.1,74.7,13,3.6,1111,554,557,71.91,57.83,64.59,233.00,203,436
107,10706,,,,,,,,,,,,,,1456,733,723,,,,,,
107,10707,,,,,,,,,,,,,,1766,895,871,,,,,,
108,10801,20663,11072,9591,15.5,68.5,16,39,100,1.9,49.2,67.2,14.7,2.3,20913,9791,11122,0.45,2.09,1.21,50.00,200,250
108,10802,2032,1108,924,17.1,68.1,14.8,37.6,100,2.1,48.8,68,18.8,0,2379,1122,1257,13.45,21.43,17.08,149.00,198,347
108,10803,18984,10085,8899,19,70.9,10.1,34.8,100,2,52.4,67.4,15.2,4.5,16894,7800,9094,-9.83,-12.35,-11.01,-991.00,-1099,-2090
108,10804,17370,9014,8356,20.5,72.6,6.9,32.9,99.3,1.9,56.9,66.8,12.8,2,22461,10565,11896,31.97,26.44,29.31,2882.00,2209,5091
108,10805,26033,13692,12341,22.2,70.2,7.6,32.4,100,2.1,54.6,70.5,15.8,4.4,31762,15058,16704,22.00,22.02,22.01,3012.00,2717,5729
108,10806,2538,1298,1240,25,68.2,6.8,30.1,38.4,2.2,55.9,70.6,14.2,3.8,3325,1568,1757,35.36,26.45,31.01,459.00,328,787
108,10807,27464,14546,12918,27,68.6,4.4,28.9,100,2.3,56.7,73.6,17.1,5.6,34370,16186,18184,25.01,25.30,25.15,3638.00,3268,6906
109,10901,11320,5941,5379,19.8,71.8,8.4,33.9,100,1.9,56.7,67.1,12.1,1.2,13186,6641,6545,10.17,23.46,16.48,604.00,1262,1866
109,10902,4304,2220,2084,26.3,68.3,5.3,29.6,45.7,2.3,55.3,72.1,16,6.9,4626,2371,2255,1.58,13.77,7.48,35.00,287,322
109,10903,15585,8177,7408,23.7,70.9,5.4,31.2,100,1.9,59.5,68.1,11.7,2.3,17516,8921,8595,5.11,20.42,12.39,418.00,1513,1931
109,10904,7200,3705,3495,22.9,69.7,7.3,32.3,94.2,2,57,68,12.5,2,9423,4773,4650,25.51,36.57,30.88,945.00,1278,2223
109,10905,8128,4269,3859,20.8,71.4,7.8,32.7,92.6,1.9,58.4,66.1,12.3,3,9393,4804,4589,7.50,24.49,15.56,320.00,945,1265
109,10906,2586,1312,1274,23.6,71.1,5.3,30.2,100,2.1,62,68.9,14.1,1.8,3876,1993,1883,43.52,56.44,49.88,571.00,719,1290
110,11001,11988,6208,5780,22.6,69.3,8.1,32.8,100,2.2,53.4,73.2,16.1,2.2,12611,6070,6541,5.36,5.02,5.20,333.00,290,623
110,11002,10506,5377,5129,26,68.3,5.7,30,100,2.2,57.4,71.1,12.7,3.2,9925,4762,5163,-3.98,-7.16,-5.53,-214.00,-367,-581
110,11003,4739,2409,2330,27.8,66.3,6,29.7,83.6,2.3,55.3,75.6,11.3,4.5,5164,2507,2657,10.29,7.60,8.97,248.00,177,425
110,11004,18721,9793,8928,26.1,68,5.9,29.8,100,2.4,55.3,74.5,17.1,4.3,17269,8309,8960,-8.51,-6.93,-7.76,-833.00,-619,-1452
110,11005,31649,16469,15180,29.3,66.6,4.1,27.7,100,2.4,56.9,74.3,18.9,6.4,36043,17328,18715,13.64,14.15,13.88,2246.00,2148,4394
111,11101,16625,8661,7964,19.8,72.3,7.9,33.6,99.3,1.9,57.3,66.9,11.9,1.1,18377,8841,9536,10.10,11.01,10.54,875.00,877,1752
111,11102,7040,3579,3461,21.1,71.8,7.1,32.5,90.2,1.9,57.9,63.6,12.3,1.7,8005,3892,4113,14.92,12.45,13.71,534.00,431,965
111,11103,9744,5010,4734,22.3,71.6,6.2,31.5,98.1,2.1,57.8,70.1,12.6,2.2,11193,5482,5711,13.99,15.80,14.87,701.00,748,1449
111,11104,20349,10604,9745,20.5,72.7,6.8,32.8,100,1.9,58.1,67.7,11.1,2,21161,10176,10985,3.59,4.42,3.99,381.00,431,812
111,11105,6728,3485,3243,24.8,69.7,5.4,30.3,82.8,2.2,56.7,69.2,13.8,3.9,8342,4111,4231,21.41,26.77,23.99,746.00,868,1614
112,11201,9016,4561,4455,23.9,68.7,7.5,31.4,15.3,2.4,57.6,69.8,14.9,3.6,10318,4853,5465,19.82,8.93,14.44,904.00,398,1302
112,11202,2406,1163,1243,23.3,65.5,11.2,34.2,0,3,51.8,71.1,7.5,0.9,2769,1387,1382,18.83,11.58,15.09,219.00,144,363
112,11203,4581,2314,2267,25.3,68,6.7,30.2,25,2.5,56.5,68.4,12.5,0.8,5878,2769,3109,34.36,22.14,28.31,795.00,502,1297
112,11204,1875,888,987,25.3,64.9,9.8,32.9,0,3.1,52.4,74.5,9.8,2.2,1875,914,961,8.22,-7.40,0.00,73.00,-73,0
112,11205,2331,1066,1265,25.3,64,10.6,33.1,0,3.4,52.2,75,9.7,5.9,1702,852,850,-20.26,-32.65,-26.98,-216.00,-413,-629
113,11301,21745,11743,10002,15.6,70.1,14.3,38.2,100,1.8,50.9,65.1,14.5,1.4,25978,12492,13486,14.84,24.90,19.47,1743.00,2490,4233
113,11302,5925,3028,2897,24.4,66.6,8.9,31.9,100,2.3,53.7,74.8,18.4,4,5527,2727,2800,-7.53,-5.87,-6.72,-228.00,-170,-398
113,11303,9986,5412,4574,15.1,71.8,13.1,38,100,1.8,50.5,63.6,13.5,1.3,10521,5029,5492,1.48,9.95,5.36,80.00,455,535
113,11304,13661,7216,6445,27.7,65.6,6.7,29.7,100,2.5,53.3,76.3,19.7,6.7,17219,8461,8758,21.37,31.28,26.04,1542.00,2016,3558
113,11305,13525,7179,6346,18.6,73.1,8.3,34.4,100,1.9,54.3,67.9,15.4,0.9,15347,7331,8016,11.66,15.52,13.47,837.00,985,1822
114,11401,30998,16791,14207,17,71.4,11.6,36.6,100,1.8,52.4,65.6,11.4,2.7,29397,13112,16285,-3.01,-7.71,-5.16,-506.00,-1095,-1601
114,11402,6154,3071,3083,24.1,69.1,6.8,31.2,94.4,2.1,56.4,68.1,9.6,3.7,8002,3648,4354,41.78,18.33,30.03,1283.00,565,1848
114,11403,19767,10316,9451,23.9,70.6,5.5,30.6,100,2,57.6,68.9,11.5,2.6,22147,10109,12038,16.69,6.96,12.04,1722.00,658,2380
115,11501,23977,12885,11092,13.1,74.2,12.8,37.2,100,1.6,55.8,57.7,13.4,1.6,23774,10997,12777,-0.84,-0.86,-0.85,-108.00,-95,-203
115,11502,10775,5743,5032,15.8,74.7,9.5,35.9,100,1.7,55.5,62.4,12.3,0.3,11712,5309,6403,11.49,5.50,8.70,660.00,277,937
115,11503,4688,2550,2138,13.5,76.9,9.7,34.5,100,1.4,61.1,51.8,14.8,0,4189,1926,2263,-11.25,-9.92,-10.64,-287.00,-212,-499
115,11504,9692,5044,4648,21.7,71.1,7.2,32.3,100,2,56.1,68.7,14.4,3.2,14187,6536,7651,51.69,40.62,46.38,2607.00,1888,4495
116,11601,1357,679,678,24.3,67.5,8.2,32.3,54.2,2.4,54.5,70.4,17.8,2.9,1587,829,758,11.63,22.27,16.95,79.00,151,230
116,11602,646,310,336,19.5,70.1,10.4,35.2,0,2.5,54.8,71.9,12,4.2,806,428,378,21.94,27.38,24.77,68.00,92,160
116,11603,1182,557,625,25.1,68.4,6.5,31,0,2.7,54.4,73.1,10.2,0,1236,650,586,5.21,4.00,4.57,29.00,25,54
116,11604,517,252,265,23.2,64.6,12.2,34.8,0,3.1,48,71.2,6.4,3.6,397,216,181,-28.17,-18.49,-23.21,-71.00,-49,-120
116,11605,1810,862,948,28,64.7,7.3,30.5,0,3.2,51,75.2,11.8,11.2,2147,1169,978,13.46,23.31,18.62,116.00,221,337
117,11701,4621,2381,2240,25.1,66.1,8.8,31.8,46.1,2.4,52.2,68.7,13.7,3.4,6030,3132,2898,21.71,39.82,30.49,517.00,892,1409
117,11702,524,252,272,26.3,68.1,5.5,28.7,0,2.6,53.2,67.4,4.8,0,843,445,398,57.94,63.60,60.88,146.00,173,319
117,11703,1803,916,887,27,66.8,6.2,29.5,0,2.4,55.7,66.4,8.8,4.2,2491,1327,1164,27.07,49.61,38.16,248.00,440,688
118,11801,28817,15484,13333,16.5,73,10.5,35.9,100,1.8,55,64.3,12.8,2.4,30574,14721,15853,2.38,10.41,6.10,369.00,1388,1757
118,11802,14778,7779,6999,21.1,72.1,6.9,32.5,100,1.9,57.1,67.3,12.4,1.8,17359,8498,8861,13.91,21.42,17.47,1082.00,1499,2581
118,11803,5364,2955,2409,18.6,73.8,7.6,35.1,100,1.7,57.9,68,10.1,0.6,6942,3376,3566,20.68,40.14,29.42,611.00,967,1578
118,11804,16247,8398,7849,27.2,67.1,5.7,29.2,100,2.3,55.2,72.2,16.6,4.6,16151,7872,8279,-1.42,0.29,-0.59,-119.00,23,-96
119,11901,45327,23969,21358,25.5,67.1,7.4,30.7,74.6,2.4,55.3,68,16,3,45324,22766,22558,-5.89,6.59,-0.01,-1411.00,1408,-3
119,11902,6373,3236,3137,27,65.6,7.4,30.4,0,2.5,54.4,68.4,10,1.5,7282,3739,3543,9.49,19.19,14.26,307.00,602,909
119,11903,33537,17389,16148,26.8,66.9,6.3,29.6,85.6,2.4,55.9,68.8,15.5,2.5,46344,24100,22244,27.92,49.24,38.19,4855.00,7952,12807
119,11904,6591,3285,3306,26.4,66.1,7.6,31.2,0,2.7,54.6,66.8,9.8,1,8032,4181,3851,17.23,26.47,21.86,566.00,875,1441
119,11905,9102,4615,4487,30.6,63.1,6.4,28.7,0,2.9,53.6,70,9.4,2.8,10844,5551,5293,14.69,23.71,19.14,678.00,1064,1742
119,11906,7203,3538,3665,28.2,64.8,7,30,0,3,54.8,68.9,8.7,1.9,6876,3581,3295,-6.87,-2.29,-4.54,-243.00,-84,-327
119,11907,7995,3957,4038,28.1,64.7,7.2,29.8,13.2,3,54.2,69.3,9.1,3.3,6079,3117,2962,-25.15,-22.81,-23.96,-995.00,-921,-1916
119,11908,8542,4313,4229,29.7,64,6.3,28.7,19.8,2.8,55.4,68.7,9.7,1.6,11026,5718,5308,23.07,35.21,29.08,995.00,1489,2484
119,11909,2393,1181,1212,26.7,66.2,7.1,30.8,0,2.8,55.2,73,7.2,1.9,2897,1518,1379,16.77,25.25,21.06,198.00,306,504
119,11910,3061,1487,1574,29.2,63.9,6.8,29,0,3,54.6,71.6,8.5,2.3,3941,2062,1879,26.36,31.00,28.75,392.00,488,880
119,11911,4410,2175,2235,27.4,65.2,7.4,30.4,0,2.9,54.4,68.6,6.7,0.4,5288,2746,2542,16.87,22.86,19.91,367.00,511,878
119,11912,,,,,,,,,,,,,,2984,1564,1420,,,,,,
120,12001,4209,2169,2040,25.8,67.6,6.6,30.1,94.2,2.4,57.1,68.6,14.9,4.3,4886,2313,2573,18.63,13.38,16.08,404.00,273,677
120,12002,1578,790,788,25.6,67.8,6.6,31,0,2.5,54.6,70.7,10.6,1.1,1798,881,917,16.08,11.80,13.94,127.00,93,220
120,12003,2111,1017,1094,26.5,67.1,6.4,29.8,0,2.8,55.4,66.7,11.3,3.7,1931,911,1020,0.29,-16.73,-8.53,3.00,-183,-180
120,12004,1531,739,792,26.6,67.3,6,29.2,0,2.6,58.1,67.4,5.8,1.3,1515,728,787,6.50,-8.08,-1.05,48.00,-64,-16
120,12005,1665,802,863,23.7,70.7,5.6,30.1,0,2.5,57.9,64.3,9.2,3.2,2246,1125,1121,39.78,30.36,34.89,319.00,262,581
120,12006,1106,543,563,24,69.3,6.7,30.8,88.5,2.3,57.8,68.8,10.3,1.8,1177,571,606,11.60,1.42,6.42,63.00,8,71
201,20101,42975,22535,20440,19.8,68.8,11.4,35.3,100,2,52.2,68.8,12.6,2.4,44374,21077,23297,3.38,3.12,3.26,762.00,637,1399
201,20102,41656,21638,20018,23.1,70,6.9,31.8,100,2,56.1,69,12,3.5,48510,23182,25328,17.05,15.81,16.45,3690.00,3164,6854
201,20103,6856,3435,3421,25.9,68.7,5.4,29.6,54.2,2.3,57.1,73,10.9,4.2,8288,4026,4262,24.08,17.68,20.89,827.00,605,1432
201,20104,24971,12787,12184,23.9,69.6,6.5,30.9,100,2.1,56.9,70.5,12,1.8,24764,12031,12733,-0.42,-1.26,-0.83,-54.00,-153,-207
201,20105,20183,10166,10017,25.9,68.8,5.4,29.6,97.1,2.2,58.2,72,10.6,5.2,30361,14936,15425,51.73,49.11,50.43,5259.00,4919,10178
201,20106,17294,8710,8584,25.2,67.9,6.9,30.7,58.8,2.2,55.3,69.7,11.4,5,19160,9373,9787,12.37,9.19,10.79,1077.00,789,1866
201,20107,9059,4551,4508,27.6,67.2,5.2,28.7,23.7,2.4,55.1,70.5,9.4,4.7,11333,5524,5809,27.64,22.54,25.10,1258.00,1016,2274
201,20108,26248,12072,14176,23.3,72,4.7,29.8,97.4,2.1,59.5,69.1,11.9,4.3,54730,30509,24221,100.64,115.22,108.51,12149.00,16333,28482
201,20109,10794,5517,5277,22.3,68.4,9.2,32.7,100,2.2,54,70.3,12.6,4.4,12812,6207,6605,19.72,17.62,18.70,1088.00,930,2018
201,20110,26109,13312,12797,24.3,69.7,6,30.8,97.6,2.1,57.3,72.9,11.8,2.8,29782,14429,15353,15.33,12.75,14.07,2041.00,1632,3673
201,20111,7630,3762,3868,24.4,68.3,7.3,30.8,64.5,2.3,56.7,72.9,9.5,4.7,9576,4715,4861,29.21,21.90,25.50,1099.00,847,1946
201,20112,10992,5586,5406,25.6,68,6.5,30.3,62.2,2.2,57.2,70.6,11.2,3.7,15847,7664,8183,46.49,41.77,44.17,2597.00,2258,4855
201,20113,7277,3618,3659,22.8,69.3,7.9,32.1,71.2,2.1,55.9,70.3,10.1,13.1,9296,4544,4752,31.34,24.19,27.74,1134.00,885,2019
201,20114,2842,1424,1418,27,66.6,6.4,29.9,8.8,2.5,56.7,70.3,10.1,2.8,3310,1600,1710,20.08,12.83,16.47,286.00,182,468
202,20201,8717,4705,4012,17.2,68.4,14.4,37,100,2.1,50.7,66.8,12.5,2.7,7725,3682,4043,-14.07,-8.23,-11.38,-662.00,-330,-992
202,20202,4535,2240,2295,26.4,66.6,7,30.1,20.4,2.3,55.3,66.8,7.9,4.1,6544,3317,3227,44.06,44.53,44.30,987.00,1022,2009
202,20203,11695,6063,5632,23.4,67.8,8.7,32.4,100,2.3,54,69.9,13.6,5.3,14956,7368,7588,25.15,30.82,27.88,1525.00,1736,3261
202,20204,8147,4183,3964,23.7,68.7,7.6,31.8,42.4,2.4,54.5,69.2,11,2,6491,3158,3333,-20.32,-20.33,-20.33,-850.00,-806,-1656
202,20205,3738,1822,1916,23.9,67.3,8.8,32.4,8.4,2.5,54.4,67.1,7.2,3.5,4187,2102,2085,14.43,9.71,12.01,263.00,186,449
202,20206,9321,4768,4553,22.2,70.3,7.6,32.2,45.2,2.2,56.7,67.2,11.5,1,10328,5150,5178,8.60,13.11,10.80,410.00,597,1007
202,20207,4478,2322,2156,24.3,68.4,7.2,31.5,32,2.4,54.9,69.2,11.1,5.6,5621,2820,2801,20.63,30.80,25.52,479.00,664,1143
202,20208,8500,4169,4331,27.3,66.1,6.6,29.9,34.4,2.4,55.9,69.9,11.3,2.2,5350,2684,2666,-36.05,-38.03,-37.06,-1503.00,-1647,-3150
202,20209,7137,3603,3534,23.3,69.9,6.8,30.8,63.4,2,58.9,66.1,11.5,2.3,8512,4231,4281,18.82,19.72,19.27,678.00,697,1375
202,20210,2270,1163,1107,23.7,69,7.2,31.2,16.5,2.2,56.7,67,10.9,1.9,3739,1838,1901,63.46,66.03,64.71,738.00,731,1469
202,20211,2348,1197,1151,23.9,69.1,7,31.3,100,2.2,56.5,69.1,10.7,1,3067,1520,1547,29.24,32.06,30.62,350.00,369,719
202,20212,391,180,211,23.3,68.8,7.9,34,0,3.1,50.6,73.9,2,5.3,641,329,312,73.33,55.92,63.94,132.00,118,250
202,20213,9289,4602,4687,31.1,63.7,5.2,27.5,18.4,2.6,55.1,70.7,10,6.4,11460,5794,5666,23.12,23.62,23.37,1064.00,1107,2171
202,20214,,,,,,,,,,,,,,4643,2328,2315,,,,,,
203,20301,14859,7780,7079,18.8,70.4,10.8,35.1,88.1,2.1,53.7,68.4,10.2,2.2,14244,6727,7517,-3.38,-4.97,-4.14,-263.00,-352,-615
203,20302,5949,3011,2938,22.8,70,7.2,32.2,56.1,2.1,56.7,68.2,7.9,1.7,6844,3335,3509,16.54,13.51,15.04,498.00,397,895
203,20303,8100,4102,3998,25.1,68.4,6.4,30.7,60.9,2.2,56.7,67.9,7.9,2.2,8333,4076,4257,3.78,1.95,2.88,155.00,78,233
203,20304,11132,5600,5532,23.5,69,7.5,31.8,78,2.2,56.5,67.4,7.7,0.9,13154,6384,6770,20.89,15.40,18.16,1170.00,852,2022
203,20305,7963,3955,4008,24.5,68.3,7.2,31.3,45.5,2.3,55.3,70.8,9,2.5,10125,4921,5204,31.58,22.78,27.15,1249.00,913,2162
203,20307,10556,5302,5254,25,68.9,6.1,30.7,73.4,2.3,56.7,71.2,10.5,2.1,13810,6714,7096,33.84,27.79,30.83,1794.00,1460,3254
203,20308,7265,3659,3606,24.4,69.1,6.5,30.9,47.6,2.2,55.5,67.6,7.3,3.7,9716,4691,5025,37.33,30.09,33.74,1366.00,1085,2451
204,20401,2692,1329,1363,21.9,66.9,11.2,34.6,37.8,2.4,50.2,77,9.1,2.3,2679,1429,1250,-5.94,4.84,-0.48,-79.00,66,-13
204,20402,1047,523,524,22.4,67.3,10.2,33.7,0,2.4,54.7,65.5,4.4,0,1003,530,473,-9.56,1.15,-4.20,-50.00,6,-44
204,20403,2397,1156,1241,24.7,64.5,10.8,33.2,24.8,2.5,50.5,74.7,10.2,7.2,1487,788,699,-39.53,-36.50,-37.96,-457.00,-453,-910
204,20404,,,,,,,,,,,,,,1783,944,839,,,,,,
205,20501,7546,3854,3692,19,70.7,10.3,35,79.5,2,54.5,64.6,8.1,1.7,7818,3739,4079,5.84,1.27,3.60,225.00,47,272
205,20502,3631,1830,1801,21.9,68.1,10,34,31.5,2.1,53.8,70.2,7.8,2.2,4371,2134,2237,22.24,18.49,20.38,407.00,333,740
205,20503,3127,1555,1572,22.4,67.9,9.7,33.2,42.9,2.3,54.1,68.8,7.6,0.8,3890,1926,1964,26.30,22.52,24.40,409.00,354,763
205,20504,2813,1380,1433,23.4,67.9,8.7,32.4,0,2.5,54.8,69.2,6.5,1,3342,1655,1687,22.25,15.49,18.81,307.00,222,529
205,20505,3473,1715,1758,21.3,70.1,8.6,33.2,64.7,2.2,54.8,69.9,6.9,1.5,5031,2423,2608,52.07,37.83,44.86,893.00,665,1558
205,20506,1940,965,975,22.7,67.7,9.6,33.7,80.6,2.4,53.5,74,11.6,3.1,2485,1209,1276,32.23,24.00,28.09,311.00,234,545
205,20507,2082,1015,1067,23.7,68.1,8.2,31.9,82.3,2.3,54.8,73.4,8,5.2,2626,1274,1352,33.20,19.40,26.13,337.00,207,544
205,20508,848,409,439,22.4,66.4,11.2,34.8,36,2.3,52.6,75.1,5.8,4.8,844,428,416,1.71,-2.51,-0.47,7.00,-11,-4
206,20601,15936,8330,7606,22.5,68.6,8.9,32.6,84.5,2.3,54,69.8,13.2,3.3,16433,7913,8520,2.28,4.04,3.12,190.00,307,497
206,20602,4657,2354,2303,27.5,66.8,5.7,29.5,49.8,2.5,55.4,70.8,12.9,2.6,5444,2689,2755,17.03,16.76,16.90,401.00,386,787
206,20603,3162,1552,1610,23.6,66.8,9.6,32.8,31.1,2.3,54.5,71,8.2,2.2,3206,1614,1592,2.58,0.25,1.39,40.00,4,44
206,20604,4552,2312,2240,24.6,68.3,7,30.9,26.2,2.3,55.4,68.6,12.4,0.5,5125,2513,2612,12.98,12.19,12.59,300.00,273,573
206,20605,3264,1675,1589,26.8,66,7.2,30,63.3,2.3,56.5,69.2,13.4,2.5,3983,1959,2024,20.84,23.29,22.03,349.00,370,719
206,20606,3114,1547,1567,24.3,67.6,8.1,32.1,41.5,2.3,53.7,69.4,12.5,5,3448,1704,1744,12.73,8.74,10.73,197.00,137,334
206,20607,3757,1895,1862,27.7,66.4,5.9,29.2,36.7,2.6,56,73.6,9.3,1.6,4125,2042,2083,9.92,9.67,9.80,188.00,180,368
206,20608,4271,2145,2126,23.5,67.5,9,32.7,7.9,2.3,54.7,66.8,10.1,2.2,4883,2405,2478,15.52,13.12,14.33,333.00,279,612
207,20701,3599,1881,1718,17,68.8,14.2,37.4,100,2.2,49,66.5,13,2.7,2940,1359,1581,-15.95,-20.90,-18.31,-300.00,-359,-659
207,20702,8219,4099,4120,21.6,69.9,8.5,33,89.8,2.2,55.8,65.9,8.8,1.3,10453,5089,5364,30.86,23.52,27.18,1265.00,969,2234
207,20703,7493,3877,3616,21.3,70.3,8.4,33.3,81.1,2.1,54.6,66,9.5,2.4,8034,3865,4169,7.53,6.89,7.22,292.00,249,541
207,20704,2737,1396,1341,21.6,70.2,8.2,32.5,46.8,2.4,55,63.2,9.8,3,3104,1510,1594,14.18,12.60,13.41,198.00,169,367
207,20705,1961,945,1016,23,70.2,6.7,31.5,31.7,2.4,55.7,68.7,8.1,3.7,2217,1072,1145,21.16,5.51,13.05,200.00,56,256
207,20706,6588,3377,3211,26.1,67.4,6.4,29.9,86.6,2.2,57.2,69.9,13.3,3.2,7813,3722,4091,21.14,15.91,18.59,714.00,511,1225
207,20707,4119,2035,2084,22.7,67.6,9.7,33.3,82.9,2.2,53.6,68.7,8.5,0.7,4587,2207,2380,16.95,5.90,11.36,345.00,123,468
208,20801,7554,3855,3699,22.5,68.9,8.5,32.6,78.3,2.2,53.7,67.2,9.3,2.3,9322,4654,4668,21.09,25.82,23.40,813.00,955,1768
208,20802,4638,2336,2302,24.6,68.6,6.8,30.8,50.3,2.1,57,64.2,10.3,2.1,5113,2577,2536,8.56,11.95,10.24,200.00,275,475
208,20803,5436,2711,2725,24.5,68.9,6.6,30.6,15.5,2.3,56.3,65.3,8.5,4,7421,3769,3652,34.71,38.31,36.52,941.00,1044,1985
208,20804,9228,4623,4605,26.2,67.9,5.9,29.9,84.7,2.3,57.5,70.8,10.6,3,10399,5221,5178,12.01,13.38,12.69,555.00,616,1171
208,20805,2343,1166,1177,29,66.1,4.9,28.2,0,2.4,56.6,69,9.4,5.4,3952,1961,1991,70.75,66.61,68.67,825.00,784,1609
209,20901,9664,5005,4659,23.3,67.8,8.9,32.6,76.9,2.2,53.8,72.4,12.9,3.6,10880,5432,5448,8.85,16.59,12.58,443.00,773,1216
209,20902,1821,938,883,26.1,67.6,6.3,30.7,25.4,2.3,55.4,72,10.6,7.4,2180,1102,1078,14.93,24.80,19.71,140.00,219,359
209,20903,1022,519,503,20.5,70,9.6,34.2,85,2.5,55.9,72,9,2.1,1169,588,581,11.95,16.90,14.38,62.00,85,147
209,20904,5912,2989,2923,29.2,65.5,5.3,28.7,29.6,2.6,55.1,75.8,13.2,6.4,7581,3887,3694,23.59,32.98,28.23,705.00,964,1669
209,20905,1922,908,1014,28.1,64.6,7.3,30.1,0,2.7,53.5,78.3,7.9,1.9,2407,1243,1164,28.19,22.58,25.23,256.00,229,485
210,21001,42060,21787,20273,25.5,67.7,6.8,30.5,70.9,2.3,55.8,69.5,15.2,3.4,46975,23494,23481,7.78,15.89,11.69,1694.00,3221,4915
210,21002,15149,7594,7555,26.6,66.6,6.8,30,64.6,2.5,56.1,70.4,12.4,4.6,19587,10044,9543,25.66,32.95,29.30,1949.00,2489,4438
210,21003,325,158,167,31.7,63.1,5.2,28.8,0,2.5,49.4,73.9,9.8,0,517,267,250,58.23,59.88,59.08,92.00,100,192
210,21004,20239,10168,10071,30.3,64.7,5,27.4,41.4,2.5,55.7,70.5,12.8,4.9,26564,13525,13039,28.24,34.30,31.25,2871.00,3454,6325
210,21005,9638,4796,4842,29.9,64.6,5.4,28.1,25.6,2.5,54.3,69,10.1,3.2,11695,6006,5689,18.62,24.04,21.34,893.00,1164,2057
210,21006,17318,8451,8867,30,65.4,4.7,26.9,49.8,2.6,56.5,72.4,12.5,8,20259,10517,9742,15.28,18.61,16.98,1291.00,1650,2941
210,21007,15383,7581,7802,30,66.2,3.8,26.6,80.8,2.3,59.2,70.2,13.7,5.4,16150,8265,7885,4.01,5.93,4.99,304.00,463,767
210,21008,6374,3161,3213,28.8,65.3,5.9,28.9,7.2,2.6,53.7,71.9,11.7,5.3,8984,4632,4352,37.68,44.16,40.95,1191.00,1419,2610
210,21009,6321,2932,3389,26.2,68.4,5.3,29.1,0,2.5,57.4,69.5,11.7,2.8,11929,6400,5529,88.57,88.85,88.72,2597.00,3011,5608
210,21010,1754,850,904,27.8,64.5,7.6,30.5,0,2.6,55.5,70.2,6.9,0,1986,1044,942,10.82,15.49,13.23,92.00,140,232
210,21011,10334,4942,5392,32.5,63,4.5,26.3,19.7,2.8,54.6,71.7,10.4,9.1,11323,5900,5423,9.73,9.42,9.57,481.00,508,989
210,21012,3455,1669,1786,28.2,65.6,6.2,28.8,0,2.7,55,72.3,9.1,1.2,3860,2016,1844,10.49,12.88,11.72,175.00,230,405
210,21013,15395,7608,7787,32,62.9,5.2,26.8,23.2,2.8,55.1,70.8,12.6,6.6,18913,9737,9176,20.61,25.04,22.85,1568.00,1950,3518
211,21101,4004,2084,1920,21.3,68.2,10.5,33.9,59.7,2.1,52.3,62.3,8.9,2,4755,2242,2513,20.59,16.77,18.76,429.00,322,751
211,21102,1674,859,815,23.1,69.7,7.2,31.2,18.9,2.1,56.1,64,9.5,2,2044,947,1097,27.71,16.20,22.10,238.00,132,370
211,21103,1305,613,692,27,67.4,5.5,28.9,26.6,2.3,56.8,67.2,5.1,0,1674,808,866,41.27,16.76,28.28,253.00,116,369
211,21104,1148,572,576,25.7,67.9,6.4,29.5,36.1,2.3,55.6,69.5,13,4.7,1472,723,749,30.94,25.52,28.22,177.00,147,324
211,21105,1334,630,704,25.3,70.1,4.6,28.4,79.5,2.3,57.1,67.9,6.7,1.6,1584,762,822,30.48,8.24,18.74,192.00,58,250
211,21106,739,351,388,27.6,65,7.4,30.2,0,2.5,54.4,69.3,5.3,7.1,1022,513,509,45.01,32.22,38.29,158.00,125,283
211,21107,2001,993,1008,26.3,68.6,5,28.6,38.4,2.2,58.8,66.9,6.4,3.9,2602,1266,1336,34.54,25.60,30.03,343.00,258,601
212,21201,7140,3680,3460,24.3,67.3,8.5,32.1,47.1,2.3,54.3,70.8,12.9,2.6,8306,4185,4121,11.98,20.95,16.33,441.00,725,1166
212,21202,5143,2636,2507,23.9,68.9,7.3,31.3,37.6,2.4,56.8,69.1,12,2.3,5761,2906,2855,8.31,15.92,12.02,219.00,399,618
212,21203,273,123,150,23.4,70.3,6.2,30.6,24.9,2.3,59.3,69.1,4.6,16.7,348,196,152,23.58,30.67,27.47,29.00,46,75
212,21204,3408,1698,1710,25.1,67.1,7.9,30.8,30.9,2.3,56.3,65.7,10.1,4.6,4136,2128,2008,18.26,24.44,21.36,310.00,418,728
212,21205,2121,1067,1054,26.4,66.2,7.4,30.7,13.2,2.3,54.8,67.3,9,3.4,3011,1527,1484,39.08,44.88,41.96,417.00,473,890
213,21301,16139,8218,7921,30.5,63.9,5.7,28.3,37.6,2.7,55.5,70,16.5,5,14154,7377,6777,-17.53,-6.87,-12.30,-1441.00,-544,-1985
213,21302,4939,2428,2511,29.2,63.3,7.5,29.9,21,3.1,52.6,73.8,9.9,4.3,5648,2980,2668,9.88,18.68,14.36,240.00,469,709
213,21303,7352,3622,3730,32.8,60.6,6.6,27.8,5.2,3.4,51.2,72.1,12.7,8.1,11094,5787,5307,46.52,55.15,50.90,1685.00,2057,3742
213,21304,4538,2238,2300,27.1,63.5,9.4,31.8,14.4,2.9,52.7,73.4,8.3,4.5,5476,2904,2572,14.92,26.26,20.67,334.00,604,938
213,21305,4483,2270,2213,33.2,60.8,6,26.9,0,3.2,52,69.6,15.3,6.2,7071,3705,3366,48.28,67.42,57.73,1096.00,1492,2588
213,21306,3194,1530,1664,34.4,59.9,5.7,26.6,14.6,3.4,52.7,69.1,13.7,4.2,4697,2465,2232,45.88,48.14,47.06,702.00,801,1503
213,21307,3308,1626,1682,32.1,60.4,7.5,28.4,24.4,3.4,51.6,71,14.5,2.6,4145,2169,1976,21.53,28.95,25.30,350.00,487,837
213,21308,,,,,,,,,,,,,,5076,2673,2403,,,,,,
214,21401,13262,6537,6725,33.2,61.6,5.2,26.4,31.5,3,54.4,71.5,16.9,8.1,20546,10876,9670,47.93,61.72,54.92,3133.00,4151,7284
214,21402,1808,871,937,28.2,63.9,8,30.3,9.7,3.5,51.1,80.6,14.5,10.9,2341,1242,1099,26.18,32.55,29.48,228.00,305,533
214,21403,5992,2935,3057,31,64.4,4.6,26.7,8.1,3,56.2,73.4,10.6,7.7,7841,4138,3703,26.17,35.36,30.86,768.00,1081,1849
214,21404,2673,1267,1406,28.7,66,5.2,28.7,0,2.8,54.9,69.9,7.8,6.5,3973,2154,1819,43.57,53.20,48.63,552.00,748,1300
215,21501,7941,3971,3970,30.1,63.9,6,28.5,28.9,2.7,55.1,70.9,13.8,5.4,8728,4528,4200,5.77,14.06,9.91,229.00,558,787
215,21502,1573,765,808,27.8,65.5,6.7,29.8,0,3.2,54.2,74.8,11,9.9,1998,1064,934,22.09,31.68,27.02,169.00,256,425
215,21503,867,412,455,25.5,62.7,11.8,33.7,0,3.2,49,79.2,6.1,10.5,1083,581,502,21.84,27.69,24.91,90.00,126,216
215,21504,5127,2474,2653,29,65,6,29,7.2,3,54.2,74.4,9.6,5.8,6507,3424,3083,24.62,29.06,26.92,609.00,771,1380
216,21601,,,,,,,,,,,,,,4562,2382,2180,,,,,,
216,21602,,,,,,,,,,,,,,5790,3093,2697,,,,,,
216,21603,,,,,,,,,,,,,,4066,2163,1903,,,,,,
301,30101,12228,6331,5897,14.9,69.6,15.5,38,100,1.9,50.1,61.3,12.1,1.2,11079,5327,5752,-9.15,-9.67,-9.40,-579.00,-570,-1149
301,30102,9901,5163,4738,15.5,70.4,14,38,100,1.9,50.2,63.7,13,1.4,10674,5141,5533,7.17,8.51,7.81,370.00,403,773
301,30103,17425,8898,8527,21.2,70.4,8.4,33.1,100,2.2,54.8,66.4,12.7,3.3,19265,9338,9927,11.56,9.51,10.56,1029.00,811,1840
301,30104,25948,13245,12703,25.4,68.1,6.5,30.3,100,2.2,56.3,69.6,14.4,3.4,28544,13838,14706,11.03,8.93,10.00,1461.00,1135,2596
301,30105,31789,16192,15597,25.1,70.2,4.7,29.4,96.2,2.2,58,67.9,13.5,3,32351,15975,16376,1.14,2.42,1.77,184.00,378,562
301,30106,14618,7505,7113,23,69.9,7.1,31.5,98.5,2.1,56.9,65.5,12.7,3.3,14182,6902,7280,-3.00,-2.97,-2.98,-225.00,-211,-436
301,30107,10647,5262,5385,22.9,69.8,7.3,31.8,18.4,2.3,57.9,66.3,12.4,1.6,13153,6510,6643,26.24,20.89,23.54,1381.00,1125,2506
301,30108,5103,2546,2557,25.7,68.1,6.3,29.9,88.5,2.5,56.8,62.5,13.6,2.2,4635,2282,2353,-7.58,-10.75,-9.17,-193.00,-275,-468
301,30109,10548,5446,5102,24.6,69.4,6,30.5,93.6,2.1,57.7,66.5,11.2,2.4,16559,8020,8539,56.79,57.19,56.99,3093.00,2918,6011
301,30110,4342,2155,2187,25.9,69.1,5,29,0,2.4,58.1,65.9,14.4,4.1,4859,2444,2415,12.06,11.75,11.91,260.00,257,517
301,30111,5349,2664,2685,27.6,67.5,4.9,28.3,81.2,2.6,58.9,68.8,9.4,2.1,10116,4955,5161,93.73,84.54,89.12,2497.00,2270,4767
302,30201,20601,10465,10136,21.9,69.7,8.4,32.7,88.6,2.2,55.2,67.7,10.3,3,25295,12282,13013,24.35,21.17,22.79,2548.00,2146,4694
302,30202,5534,2737,2797,27.5,66.4,6.1,29.3,8.4,2.5,56.4,71.3,9.9,4.5,6682,3360,3322,21.37,20.13,20.74,585.00,563,1148
302,30203,9084,4565,4519,24.5,68.9,6.6,30.6,63.7,2.4,56.5,67.4,12.9,2.7,9340,4640,4700,2.96,2.68,2.82,135.00,121,256
302,30204,5438,2727,2711,23.8,68.4,7.8,31.6,53.7,2.4,55,68.5,10.7,3.9,6906,3423,3483,27.72,26.26,27.00,756.00,712,1468
302,30205,17086,8981,8105,28.5,67.8,3.7,27.4,99.4,2.3,58.2,69.4,14.7,4.4,17718,8636,9082,1.12,6.55,3.70,101.00,531,632
302,30206,,,,,,,,,,,,,,,,,,,,,,
303,30301,9331,4940,4391,16.6,71.5,11.9,36.9,100,2,51.2,65.4,13.4,2.4,7480,3668,3812,-22.83,-16.47,-19.84,-1128.00,-723,-1851
303,30302,21620,11155,10465,24.8,70.5,4.7,29.6,96.2,2.1,58.6,69.6,14.2,4.7,22714,11268,11446,2.61,7.67,5.06,291.00,803,1094
303,30303,13729,7277,6452,22.1,72.7,5.2,31.4,100,1.7,60.5,64.8,10.3,1.5,13956,6874,7082,-2.68,6.54,1.65,-195.00,422,227
303,30304,14247,7387,6860,25.6,68.6,5.8,30.2,89.7,2.1,57.1,69.5,12,3,14201,7053,7148,-3.24,2.81,-0.32,-239.00,193,-46
303,30305,16515,8446,8069,25.1,69.2,5.7,30.2,100,2.2,57.9,70.7,12.2,4.8,17755,8838,8917,5.58,9.53,7.51,471.00,769,1240
303,30306,7893,4058,3835,28.2,66.8,5,28.9,97.4,2.4,55.2,70.3,15.8,4.6,7177,3541,3636,-10.40,-7.67,-9.07,-422.00,-294,-716
303,30307,4054,2145,1909,20.8,70.7,8.5,33.6,100,1.9,55.7,68.3,10.9,1.6,4639,2295,2344,9.28,20.22,14.43,199.00,386,585
303,30308,12010,6045,5965,29.7,66,4.3,27.6,95.8,2.5,55.6,76.4,15.1,6.9,11617,5815,5802,-4.02,-2.51,-3.27,-243.00,-150,-393
304,30401,6552,3274,3278,21.6,70.2,8.2,32.8,70.5,2.4,56.8,71.3,15.3,3.4,8433,4187,4246,29.69,27.73,28.71,972.00,909,1881
304,30402,4872,2471,2401,27.2,65,7.8,30.5,47.7,2.7,53.9,75.6,12,4.3,5595,2740,2855,15.54,14.12,14.84,384.00,339,723
304,30403,3245,1630,1615,23.4,68.6,8,31.9,23.6,2.9,55.5,72,12.5,2.1,4682,2281,2401,47.30,41.24,44.28,771.00,666,1437
304,30404,,,,,,,,,,,,,,,,,,,,,,
305,30501,26680,13788,12892,21.4,68.6,9.9,34.1,74.4,2.2,53.2,72.9,13.4,3.6,29620,14620,15000,8.79,13.40,11.02,1212.00,1728,2940
305,30502,7590,3807,3783,23.1,68.1,8.8,32.7,65.8,2.5,55.5,71,10.6,4.1,8821,4369,4452,16.94,15.49,16.22,645.00,586,1231
305,30503,511,224,287,25,65.4,9.6,32.5,0,3,52.2,76.2,9.2,0,751,418,333,48.66,45.64,46.97,109.00,131,240
305,30504,3208,1529,1679,24,67.4,8.6,32.3,0,2.4,55.4,70.8,7.7,2,4813,2510,2303,50.62,49.49,50.03,774.00,831,1605
305,30505,4744,2382,2362,24.8,66.5,8.8,32.2,8,2.6,54.6,72.2,9.6,0.9,6121,3052,3069,28.84,29.21,29.03,687.00,690,1377
305,30506,4331,2137,2194,23.7,68.2,8.1,32.1,63.1,2.5,56.5,72.5,12.4,5.9,5453,2729,2724,27.47,24.38,25.91,587.00,535,1122
305,30507,2837,1420,1417,24,66.7,9.3,33,37.5,2.6,52.5,74.4,8.7,3.8,3248,1629,1619,14.01,14.96,14.49,199.00,212,411
305,30508,2374,1155,1219,27.2,63.9,8.9,31.6,47.8,2.8,52.9,75.8,7.3,5.9,3152,1601,1551,34.29,31.34,32.77,396.00,382,778
305,30509,5232,2684,2548,22.2,68.7,9.1,33.6,74.6,2.2,55.3,70.5,12.3,2.1,5953,2945,3008,12.07,15.58,13.78,324.00,397,721
305,30510,1808,888,920,26.1,66.7,7.2,30.5,38.6,2.9,55.5,76.2,12.3,10.4,2386,1226,1160,30.63,33.26,31.97,272.00,306,578
305,30511,6116,3081,3035,24.6,68.7,6.7,31.2,85,2.5,55.3,75.8,15.3,4.5,6649,3274,3375,9.54,7.87,8.71,294.00,239,533
305,30512,4185,2106,2079,45.1,52.4,2.5,21,0,3,47.1,66.4,13.8,13.1,5098,2532,2566,21.84,21.79,21.82,460.00,453,913
306,30601,5628,2819,2809,24.9,67.9,7.2,31,59.3,2.3,57,62.8,9.3,1.7,6257,3115,3142,11.46,10.89,11.18,323.00,306,629
306,30602,6230,3118,3112,26,67.6,6.4,30.2,68.5,2.4,55.4,67.5,11.9,1.8,8273,4091,4182,34.12,31.46,32.79,1064.00,979,2043
306,30603,2454,1210,1244,24.2,67.8,7.9,31.4,55,2.4,56,64.3,7,2.2,2604,1342,1262,4.30,7.88,6.11,52.00,98,150
307,30701,27248,14121,13127,23.3,69.7,7,31.6,96.8,2.1,56.2,67.1,12.7,2.7,28424,13672,14752,4.47,4.15,4.32,631.00,545,1176
307,30702,9630,4879,4751,28.8,66.2,4.9,28,82.7,2.4,57.6,64.8,19.4,3.9,10739,5259,5480,12.32,10.69,11.52,601.00,508,1109
307,30703,2281,1148,1133,26.7,67.9,5.4,29.2,64.3,2.4,57.4,71.3,13.2,4,2402,1199,1203,4.79,5.83,5.30,55.00,66,121
307,30704,3700,1808,1892,26.1,68.2,5.7,29.7,57.4,2.3,58.8,65.1,10.4,1.6,4287,2122,2165,19.75,12.16,15.86,357.00,230,587
307,30705,2614,1280,1334,25.1,69.5,5.5,29.9,70.3,2.4,57.7,65.2,13.2,3.2,3059,1524,1535,19.92,14.24,17.02,255.00,190,445
308,30801,24984,12521,12463,24,70.1,5.9,30.9,99.1,2.1,57,66.7,10.9,1.6,27582,13423,14159,13.08,7.70,10.40,1638.00,960,2598
308,30802,9828,4784,5044,26.5,67.4,6.1,29.6,57.5,2.6,56.9,68.8,10.2,2.7,11660,5723,5937,24.10,13.46,18.64,1153.00,679,1832
308,30803,6569,3224,3345,27.2,68,4.8,28.1,94.9,2.5,59.4,69.2,13.9,2.8,7645,3825,3820,18.49,14.35,16.38,596.00,480,1076
308,30804,412,207,205,23.8,69.9,6.3,31,0,3.2,54.1,79.2,2.9,0,488,240,248,19.81,17.07,18.45,41.00,35,76
401,40101,18697,10067,8630,14,71.4,14.6,38.1,100,1.8,52.2,60.6,13.9,1.9,16686,7923,8763,-12.95,-8.19,-10.76,-1304.00,-707,-2011
401,40102,25744,13519,12225,20.2,71.4,8.4,33.7,100,1.8,56.4,65.6,10.6,2.9,29612,14045,15567,15.15,14.89,15.02,2048.00,1820,3868
401,40103,49209,25772,23437,24,70.7,5.3,30.4,100,2,57.7,68.7,16,4.4,48804,23225,25579,-0.75,-0.90,-0.82,-193.00,-212,-405
401,40104,29266,15271,13995,23.5,71.1,5.4,30.7,100,1.9,59,67.7,13.7,2.9,36027,17317,18710,22.52,23.74,23.10,3439.00,3322,6761
401,40105,700,320,380,24.7,69.9,5.4,29.7,48.4,2.6,59.4,72.8,4.8,0,772,381,391,22.19,0.26,10.29,71.00,1,72
402,40201,4997,2602,2395,18.7,71.1,10.2,35.4,100,2,53.1,66.7,13.3,0.7,4419,2103,2316,-10.99,-12.19,-11.57,-286.00,-292,-578
402,40202,9932,5072,4860,23.6,70.8,5.6,30.8,96.8,2.2,58.5,68.3,10.1,3.7,12603,5920,6683,31.76,21.81,26.89,1611.00,1060,2671
402,40203,8319,4260,4059,23,71.3,5.8,31.2,80.9,2,57.8,67.6,13.3,2.5,9537,4503,5034,18.17,10.94,14.64,774.00,444,1218
402,40204,4622,2344,2278,22.1,71.3,6.5,32.3,100,1.8,56.4,67.4,9.1,2.9,6012,2852,3160,34.81,25.20,30.07,816.00,574,1390
402,40205,7413,3845,3568,21,72.7,6.4,32.6,100,2,56.4,68.5,10,6.1,9035,4227,4808,25.05,18.47,21.88,963.00,659,1622
402,40206,5377,2657,2720,24.6,68.8,6.6,30.9,67.6,2.2,57.4,67.6,9.6,3.3,6093,2896,3197,20.32,6.47,13.32,540.00,176,716
402,40207,,,,,,,,,,,,,,,,,,,,,,
403,40301,4730,2542,2188,14.8,67.6,17.6,40.4,100,1.8,48.3,66.1,13.7,5.6,4052,1971,2081,-18.14,-9.92,-14.33,-461.00,-217,-678
403,40302,6427,3404,3023,18.8,72.5,8.7,34.7,100,1.8,54.4,64.5,10.1,0.4,7073,3436,3637,6.84,13.66,10.05,233.00,413,646
403,40303,6363,3188,3175,19.8,72.3,7.8,33.4,100,1.9,56.9,68.6,11.2,2.2,8038,3988,4050,27.04,25.61,26.32,862.00,813,1675
403,40304,2231,1117,1114,22.9,71.2,5.9,31.6,100,2.1,54.4,68,9.7,2.5,2567,1259,1308,17.10,13.02,15.06,191.00,145,336
403,40305,6267,3175,3092,20,69.9,10.1,34.6,100,1.9,54.1,69,11,2.1,7440,3703,3737,17.70,19.76,18.72,562.00,611,1173
403,40306,7269,3679,3590,21.7,70.9,7.4,32.8,100,2.1,56.6,69.8,16,4.9,7819,3856,3963,7.72,7.41,7.57,284.00,266,550
403,40307,3452,1765,1687,23,68.9,8.1,32.5,100,2.1,54.2,70.1,11,2.8,4895,2404,2491,41.13,42.50,41.80,726.00,717,1443
403,40308,3333,1723,1610,19.8,72.1,8.1,33.8,100,2,56.4,69.3,12.2,3,4048,2004,2044,18.63,24.47,21.45,321.00,394,715
404,40401,5944,3067,2877,21.2,69.7,9.1,33.4,100,2,54.6,68.8,9.7,2.3,5130,2521,2609,-14.93,-12.37,-13.69,-458.00,-356,-814
404,40402,5582,2785,2797,25.2,68.8,6,30.7,100,2.1,56.5,71.7,10.7,2.2,5158,2582,2576,-7.50,-7.69,-7.60,-209.00,-215,-424
404,40403,7662,3936,3726,22.4,70.8,6.8,31.7,100,2.1,56.3,68.6,7.9,1.7,8707,4315,4392,11.59,15.81,13.64,456.00,589,1045
404,40404,9603,4810,4793,24.9,69.5,5.6,30.2,79.1,2.2,58.3,68.7,10.5,4.7,10729,5387,5342,11.06,12.39,11.73,532.00,594,1126
404,40405,2879,1459,1420,24.9,67.8,7.3,31.2,41.1,2.4,54.6,71.3,9.6,2.3,3308,1657,1651,13.16,16.69,14.90,192.00,237,429
404,40406,4573,2309,2264,23,70.8,6.3,31.2,84.5,2.1,57.8,65.6,6.6,1.8,6101,3071,3030,31.23,35.64,33.41,721.00,807,1528
405,40501,9668,4935,4733,20.9,70.1,9.1,33.4,100,2,54.7,68,13.3,2.3,8981,4401,4580,-7.19,-7.01,-7.11,-355.00,-332,-687
405,40502,11579,5951,5628,22.3,70.2,7.5,32.2,100,2.1,56,67.2,13.5,3.3,10607,5231,5376,-9.66,-7.05,-8.39,-575.00,-397,-972
405,40503,8409,4351,4058,23,71.8,5.2,30.8,100,2,58.2,66.7,12.8,1.6,8048,3944,4104,-5.68,-2.81,-4.29,-247.00,-114,-361
405,40504,10232,5206,5026,23.2,69.5,7.3,32.3,70.6,2,55.4,68.4,11,2.4,12556,6200,6356,22.09,23.36,22.71,1150.00,1174,2324
405,40505,6077,3098,2979,25,68.1,6.9,31.5,76.5,2,56.5,67.6,11.5,2,8656,4290,4366,40.93,44.01,42.44,1268.00,1311,2579
406,40601,6113,3075,3038,20.2,72.4,7.4,32.7,100,2,57.8,68.3,11,2.5,6965,3692,3273,6.44,21.53,13.94,198.00,654,852
406,40602,7447,3790,3657,22.8,69.1,8.1,32.8,89,2,56.3,69.3,12.1,3,7922,4071,3851,1.61,11.32,6.38,61.00,414,475
406,40603,2635,1342,1293,21.3,71.7,7.1,32.9,89.2,2,56.2,68.6,9.6,3.8,3147,1498,1649,22.88,15.85,19.43,307.00,205,512
406,40604,4438,2214,2224,21.9,71.2,7,32.3,100,2.1,57.2,68.4,12,1.1,4772,2263,2509,13.32,1.75,7.53,295.00,39,334
407,40701,9942,5027,4915,19.5,72.5,8,33.5,100,1.9,56.8,64.8,11.9,2.7,11784,5611,6173,22.80,14.16,18.53,1146.00,696,1842
407,40702,6040,3086,2954,20.4,70.5,9.1,33.7,100,1.9,55.3,63.6,9.3,1,7694,3646,4048,31.17,23.43,27.38,962.00,692,1654
407,40703,5651,3025,2626,17.5,73.2,9.3,35.5,100,1.7,56.8,60.8,8.4,0,4281,2058,2223,-26.51,-21.63,-24.24,-802.00,-568,-1370
408,40801,7173,3701,3472,20.3,71,8.7,33.7,100,1.9,56.6,65.8,10.1,1.7,7805,3911,3894,5.21,12.64,8.81,193.00,439,632
408,40802,4091,2053,2038,21,69.8,9.2,33.7,100,1.8,55.7,63.1,7.2,0,5382,2718,2664,29.76,33.37,31.56,611.00,680,1291
408,40803,8773,4472,4301,23.3,71.1,5.6,30.7,100,2,57.4,70,11.1,3.8,8839,4438,4401,-1.59,3.19,0.75,-71.00,137,66
409,40901,19412,10013,9399,21.1,72.3,6.6,32.5,100,1.9,57.2,67.8,11.9,3.2,19581,9617,9964,-0.49,2.32,0.87,-49.00,218,169
409,40902,8259,4314,3945,20,71.8,8.2,33.4,100,1.8,57.3,65.3,12.3,0.7,10279,5088,5191,20.33,28.97,24.46,877.00,1143,2020
410,41001,20184,9857,10327,33.5,63.4,3.1,25.5,35.2,2.7,56.7,73.9,14.2,7.9,23246,12117,11129,12.90,17.33,15.17,1272.00,1790,3062
410,41002,10521,5236,5285,29.7,64.6,5.7,28.1,21.3,2.7,55.8,70.9,10.7,3.9,13071,6783,6288,20.09,28.34,24.24,1052.00,1498,2550
410,41003,24331,12067,12264,29.4,64.9,5.7,28.7,4,2.6,55.4,72.2,11.7,4.9,27950,14411,13539,12.20,17.51,14.87,1472.00,2147,3619
410,41004,1160,514,646,31.7,64.3,4,26.1,0,3.1,52.9,77.6,5.9,7.8,1355,722,633,23.15,11.76,16.81,119.00,76,195
410,41005,951,416,535,31.2,63.3,5.5,27.3,0,3.2,55.8,68.3,9.1,6,1531,851,680,63.46,59.07,60.99,264.00,316,580
501,50101,53382,27280,26102,27.6,67,5.5,29.1,91,2.3,55.5,72,17.3,5.8,65922,33059,32863,20.47,26.65,23.49,5583.00,6957,12540
501,50102,3230,1600,1630,25.9,66.5,7.5,30.7,11.5,2.7,55.5,72,6.2,3.9,4487,2274,2213,38.31,39.51,38.92,613.00,644,1257
501,50103,1599,822,777,29.8,64.3,5.9,28.9,30.1,2.8,56.1,71.8,15.2,6.6,2360,1175,1185,44.16,51.22,47.59,363.00,398,761
501,50104,2249,1145,1104,30.1,65.1,4.8,27.5,68.3,2.6,56.6,75.6,17.4,5,3902,1932,1970,72.05,75.00,73.50,825.00,828,1653
501,50105,2527,1299,1228,28,64.9,7.1,29.3,25.7,2.5,55.6,72.4,12.2,5.3,3459,1748,1711,31.72,42.35,36.88,412.00,520,932
502,50201,24833,12814,12019,23.8,67,9.1,32.7,64.9,2.4,52.9,74.5,20,4.7,33316,17205,16111,25.73,43.15,34.16,3297.00,5186,8483
502,50202,5717,2892,2825,24,65.3,10.7,33.8,18.4,2.6,51.7,72,18.1,3,6398,3291,3107,7.43,16.50,11.91,215.00,466,681
502,50203,6642,3358,3284,20.4,65.6,14,36.4,35.3,2.8,49.6,76.1,22.3,6.6,8031,4124,3907,16.35,25.58,20.91,549.00,840,1389
502,50204,2523,1290,1233,21.6,66,12.4,35.5,0,2.6,50.5,74.5,20.1,0,3264,1686,1578,22.33,36.74,29.37,288.00,453,741
502,50205,3512,1709,1803,25.6,67.7,6.7,30.1,31.7,2.5,57.1,73.2,14.8,7.1,3536,1856,1680,-1.70,2.94,0.68,-29.00,53,24
502,50206,4912,2412,2500,28.4,66.2,5.4,28.7,36,2.6,56.8,74.1,13,7.3,9412,4934,4478,85.66,97.36,91.61,2066.00,2434,4500
502,50207,2686,1363,1323,26.6,63.8,9.5,31.5,0,2.8,53.5,70.3,11,1.5,2311,1211,1100,-19.30,-8.47,-13.96,-263.00,-112,-375
503,50301,21544,11136,10408,24.4,67,8.6,32.4,60.8,2.4,52.2,74.9,18.9,5.6,29634,15151,14483,30.06,45.57,37.55,3347.00,4743,8090
503,50302,1627,778,849,22.3,66.9,10.8,34.5,43.2,2.7,52.7,73.3,17,8.2,2378,1279,1099,41.26,50.65,46.16,321.00,430,751
503,50303,7048,3504,3544,24.8,66.4,8.8,32.2,8.8,2.6,54.1,73.9,14.1,3.3,9308,4858,4450,27.00,37.08,32.07,946.00,1314,2260
503,50304,5630,2822,2808,25.3,67.4,7.3,31,51.3,2.3,55.2,73.9,15.4,3.4,8136,4240,3896,38.06,51.00,44.51,1074.00,1432,2506
503,50305,3824,1905,1919,23.1,68.6,8.3,32.2,69.5,2.5,54.3,76,20,1.4,5683,2960,2723,42.94,54.25,48.61,818.00,1041,1859
503,50306,1789,828,961,26.9,65.5,7.6,30.7,0,2.8,56.4,74.6,8.6,8,1171,626,545,-34.18,-34.86,-34.54,-283.00,-335,-618
503,50307,3905,2047,1858,22.6,66.5,11,34.4,55.4,2.5,51.4,74.5,25.1,1.4,5148,2605,2543,24.23,40.20,31.83,496.00,747,1243
503,50308,3362,1683,1679,23.6,70.7,5.8,31.2,35.9,2.2,57.9,72.5,13.9,5.2,3776,1947,1829,8.67,15.96,12.31,146.00,268,414
503,50309,6375,3118,3257,25.3,69.7,5,30,49.2,2.1,59.2,71.4,16.1,5,7132,3727,3405,9.20,14.43,11.87,287.00,470,757
504,50401,12367,6094,6273,29.1,64,6.9,29.4,50.7,2.6,54,75.3,15.6,5.3,15858,8424,7434,21.99,34.29,28.23,1340.00,2151,3491
504,50402,2756,1390,1366,25.3,66.4,8.4,31.6,46.8,2.5,54.7,69.5,13,5.4,2310,1235,1075,-22.66,-9.59,-16.18,-315.00,-131,-446
504,50403,3398,1671,1727,28.6,65.5,5.9,29.3,45.8,2.6,55.5,75.1,9.4,4.3,4337,2328,2009,20.23,34.80,27.63,338.00,601,939
504,50404,1015,527,488,23.1,67.1,9.9,33.7,0,2.6,55.6,67.3,8.5,3.6,1204,615,589,11.76,26.02,18.62,62.00,127,189
504,50405,,,,,,,,,,,,,,,,,,,,,,
505,50501,7953,3965,3988,25,67.4,7.6,31.2,63.6,2.6,53.5,77.3,18.5,10.4,8677,4345,4332,9.26,8.95,9.10,367.00,357,724
505,50502,5416,2791,2625,27.8,65.9,6.3,29.9,83.3,2.5,53.7,76.4,17.9,8.4,6791,3380,3411,22.21,28.76,25.39,620.00,755,1375
505,50503,14912,7338,7574,26.8,66.6,6.6,29.9,58.2,2.4,56,75.6,15.6,6.9,21099,11020,10079,37.35,45.50,41.49,2741.00,3446,6187
505,50504,8841,4430,4411,27.5,65.1,7.4,30.2,55.3,2.6,53.8,75.8,18.7,5.5,11660,5833,5827,31.53,32.24,31.89,1397.00,1422,2819
506,50601,20816,10726,10090,27.7,66.1,6.2,29.7,87.3,2.5,54.2,72,16.5,5.2,23624,11849,11775,9.78,17.43,13.49,1049.00,1759,2808
506,50602,988,485,503,28,63.6,8.4,30.5,37.4,2.8,51.5,75.2,7.5,13.6,1802,940,862,77.73,86.88,82.39,377.00,437,814
506,50603,1644,791,853,23.8,68.3,7.8,32.2,27.1,2.5,54.5,73.8,11.5,3,2690,1428,1262,59.54,67.41,63.63,471.00,575,1046
506,50604,2084,971,1113,26.8,68.5,4.8,28.5,94.2,2.6,58.6,75.5,11.8,11.2,2760,1448,1312,35.12,30.10,32.44,341.00,335,676
506,50605,669,318,351,26.6,64.3,9.1,32.7,0,2.9,50.6,76.5,17.2,0,862,434,428,34.59,23.65,28.85,110.00,83,193
507,50701,9482,4766,4716,25.7,66,8.3,31.4,41.4,2.6,54.6,74,15.3,5.3,11335,5799,5536,16.16,22.96,19.54,770.00,1083,1853
507,50702,2351,1149,1202,25.9,66.9,7.2,30.8,0,2.6,56.2,72.9,8.4,4.5,2687,1388,1299,13.05,15.47,14.29,150.00,186,336
507,50703,1585,783,802,24.8,66.3,8.9,32.4,16.6,2.7,53.6,71.2,9.2,5.3,1637,856,781,-0.26,6.73,3.28,-2.00,54,52
507,50704,4621,2327,2294,27.7,65.7,6.6,30,27.8,2.7,55,72.5,15.3,2.2,6552,3362,3190,37.09,46.56,41.79,863.00,1068,1931
508,50801,8677,4556,4121,25.6,65.3,9.1,32.4,80.9,2.4,51.6,71,10.2,2.5,9419,4725,4694,3.03,14.66,8.55,138.00,604,742
508,50802,2700,1320,1380,24.9,66.4,8.7,32.2,12.3,2.6,54.5,69.9,8.3,1.8,1143,591,552,-58.18,-57.17,-57.67,-768.00,-789,-1557
508,50803,1795,868,927,24.3,67.8,7.9,32.8,16.5,2.7,53.2,76.6,7.2,1.5,2079,1077,1002,15.44,16.18,15.82,134.00,150,284
508,50804,1945,937,1008,24.5,65.7,9.9,33.1,48.8,2.5,53.1,71.6,9.6,4.7,2369,1258,1111,18.57,24.80,21.80,174.00,250,424
508,50805,865,414,451,22.2,62.2,15.6,37,0,3,45.2,74.8,3.7,4.9,940,498,442,6.76,10.42,8.67,28.00,47,75
508,50806,1358,665,693,24.8,62.3,12.9,34.9,31.1,2.9,47.2,73.7,7,3.5,1295,684,611,-8.12,-1.30,-4.64,-54.00,-9,-63
508,50807,2300,1144,1156,26,65.3,8.7,31.9,40.5,2.5,51.3,75.3,12.6,6.5,2346,1215,1131,-1.14,5.10,2.00,-13.00,59,46
508,50808,,,,,,,,,,,,,,1641,871,770,,,,,,
509,50901,2486,1259,1227,23.2,66.9,9.9,33.4,53.2,2.5,54.6,72.3,16.4,4.7,2638,1355,1283,1.91,10.43,6.11,24.00,128,152
509,50902,1446,735,711,25.1,63.8,11.1,33.4,9.3,3.1,51.3,75.5,20.1,3.3,1787,918,869,18.23,29.11,23.58,134.00,207,341
509,50903,1215,579,636,23.8,65.3,10.9,33.7,0,3,48.7,77.2,15.8,0,1332,703,629,8.64,10.53,9.63,50.00,67,117
509,50904,2207,1084,1123,26.7,65.9,7.4,30.3,34,2.7,56,76.2,15,7.6,2355,1245,1110,2.40,10.86,6.71,26.00,122,148
509,50905,741,346,395,20.1,68.8,11.1,35.8,0,2.9,50.6,70.7,4.5,0,769,427,342,-1.16,8.10,3.78,-4.00,32,28
509,50906,3026,1449,1577,25.4,66.4,8.1,31.4,3.2,2.9,54,74.6,8.7,4.1,2993,1622,1371,-5.38,2.85,-1.09,-78.00,45,-33
510,51001,9195,4826,4369,30.1,64.4,5.5,28.2,52.4,2.6,55.2,72.6,18.5,8.8,12439,6409,6030,24.95,46.69,35.28,1204.00,2040,3244
510,51002,6258,3097,3161,33.9,60.5,5.5,26.4,11.8,3.3,51.2,72.8,14.3,9.4,9269,4759,4510,45.62,50.55,48.11,1413.00,1598,3011
510,51003,1688,821,867,33.9,58.9,7.2,27.5,33.2,3.5,50.5,78.3,9.6,9.6,2824,1462,1362,65.90,68.63,67.30,541.00,595,1136
510,51004,2040,997,1043,30.1,65.6,4.3,27,49.2,2.9,55.6,69.6,14.7,1.8,2297,1163,1134,13.74,11.51,12.60,137.00,120,257
511,51101,4245,2121,2124,23.2,67.3,9.4,32.7,32.9,2.7,54.3,73.2,15.1,3.7,3900,1916,1984,-6.46,-9.79,-8.13,-137.00,-208,-345
511,51102,671,320,351,23.5,67.7,8.8,33.6,52,2.9,51.3,68.8,7.4,2.3,764,410,354,10.63,16.81,13.86,34.00,59,93
511,51103,1574,761,813,23.7,67.6,8.7,31.9,0,2.6,56.6,68.4,12,0,1764,882,882,15.90,8.49,12.07,121.00,69,190
511,51104,707,339,368,22.5,66.6,10.9,33.2,0,2.8,54.9,68.2,10,2.6,726,364,362,6.78,-1.09,2.69,23.00,-4,19
511,51105,,,,,,,,,,,,,,1070,550,520,,,,,,
601,60101,8335,4307,4028,18.4,67.7,13.9,37.4,96.7,2.1,48,73.1,13.5,4.3,6653,3340,3313,-23.08,-17.08,-20.18,-994.00,-688,-1682
601,60102,2211,1071,1140,31.5,61.3,7.2,28.8,29.6,3.1,50.8,79.8,12.5,10.3,2916,1488,1428,33.33,30.53,31.89,357.00,348,705
601,60103,5522,2657,2865,28.6,64.3,7.1,29.6,22.9,2.8,53.7,76.8,12,7.6,7604,3870,3734,40.53,35.08,37.70,1077.00,1005,2082
601,60104,9502,4735,4767,24.5,66,9.5,32.6,27.5,2.8,53,72.5,14,3.5,12163,6226,5937,25.39,30.61,28.00,1202.00,1459,2661
601,60105,6686,3237,3449,27.1,65.5,7.4,30.6,30.2,2.6,54.3,74.5,13.3,4,10317,5336,4981,53.88,54.71,54.31,1744.00,1887,3631
601,60106,2811,1340,1471,30.1,64.4,5.5,27.9,23.8,3,54.2,77.1,10.4,5,3700,1889,1811,35.15,28.42,31.63,471.00,418,889
601,60107,923,435,488,24.4,64.2,11.4,34.4,0,2.9,49,78.4,7,2.4,1339,706,633,45.52,44.67,45.07,198.00,218,416
601,60108,30650,15948,14702,28.7,65.9,5.4,29,95.7,2.4,55.1,75.2,17.3,7.1,34827,17398,17429,9.29,18.34,13.63,1481.00,2696,4177
601,60110,,,,,,,,,,,,,,,,,,,,,,
601,60111,7494,3625,3869,27.4,67.7,4.9,29.3,28.4,2.3,58.4,73.7,12.2,4.7,10490,5361,5129,41.49,38.56,39.98,1504.00,1492,2996
601,60112,17434,8766,8668,27.3,65.1,7.7,30.7,100,2.5,52.2,75.7,15.7,5.9,17661,8884,8777,0.13,2.49,1.30,11.00,216,227
601,60113,1576,759,817,29,64.3,6.7,29.4,0,3.2,54.5,72.5,13.4,3.8,1819,943,876,15.42,15.42,15.42,117.00,126,243
601,60114,1296,647,649,23.4,68.8,7.9,32.1,0,2.5,55,73.2,5.2,0,2015,1047,968,49.61,61.33,55.48,321.00,398,719
601,60115,15759,7823,7936,26.5,67.2,6.4,30.5,100,2.3,52.2,75.3,14.7,5.7,23953,12274,11679,49.29,54.66,52.00,3856.00,4338,8194
601,60116,665,290,375,22.7,68.3,9,33.4,0,3.3,51.7,70.8,4.2,4.7,854,469,385,32.76,25.07,28.42,95.00,94,189
602,60201,15686,8072,7614,24.3,67,8.7,32.2,92.2,2.3,53.2,71,13.5,4.2,15028,7667,7361,-8.81,0.70,-4.19,-711.00,53,-658
602,60202,6171,3083,3088,28.2,65.2,6.6,29.5,48.9,2.5,55.3,73.4,10.5,7.4,5544,2855,2689,-12.78,-7.55,-10.16,-394.00,-233,-627
602,60203,4742,2425,2317,26.3,67,6.7,30.6,81.9,2.1,56.3,70.3,8.8,0.9,8149,4165,3984,64.29,79.76,71.85,1559.00,1848,3407
602,60204,1294,635,659,21.2,68.5,10.3,34.5,0,2.2,54.2,70.9,7.7,0,1264,643,621,-2.20,-2.43,-2.32,-14.00,-16,-30
602,60205,751,355,396,21.4,66.4,12.1,35.5,0,2.8,48.7,72.8,6.3,0,938,491,447,25.92,23.99,24.90,92.00,95,187
602,60206,,,,,,,,,,,,,,3885,1997,1888,,,,,,
603,60301,21063,10730,10333,32.1,63.1,4.8,26.6,66.6,2.7,54.9,68.5,16.5,5.4,22619,11532,11087,3.33,11.60,7.39,357.00,1199,1556
603,60302,3815,1837,1978,29.1,64.7,6.2,28.7,16.1,2.8,55.5,68.8,12,6.8,4224,2192,2032,10.62,10.82,10.72,195.00,214,409
603,60303,5956,2964,2992,34.8,58.2,6.9,27.4,11.3,3.3,50.2,70.7,12.3,6.3,7450,3854,3596,21.32,28.81,25.08,632.00,862,1494
603,60304,3074,1467,1607,31.1,62.1,6.8,28.3,14.8,3.2,53.9,67.4,10.3,4.9,3351,1711,1640,11.79,6.47,9.01,173.00,104,277
603,60305,1659,789,870,32.2,63.2,4.5,26.9,0,3,53.2,66,8.8,2.8,1522,793,729,-7.60,-8.85,-8.26,-60.00,-77,-137
603,60306,1371,638,733,28.3,66.6,5.1,28.9,0,3,54.1,69.7,4.8,4.5,1323,714,609,-4.55,-2.59,-3.50,-29.00,-19,-48
603,60307,2631,1235,1396,35.6,59.9,4.6,25.7,0,3.2,52.2,69.7,7.9,8.1,2856,1518,1338,8.34,8.74,8.55,103.00,122,225
603,60308,2455,1180,1275,31.1,62.1,6.8,29.4,0,3.2,52.5,68.2,10,3.1,2890,1520,1370,16.10,19.22,17.72,190.00,245,435
603,60309,3220,1595,1625,33,60.6,6.5,27.8,40.2,3.1,51,70.5,11.9,5.1,4327,2263,2064,29.40,39.26,34.38,469.00,638,1107
603,60310,,,,,,,,,,,,,,,,,,,,,,
604,60401,8298,4260,4038,22.5,68.2,9.4,32.8,90.3,2.3,54.8,71.8,10,4.2,10172,5413,4759,11.71,34.05,22.58,499.00,1375,1874
604,60402,1249,599,650,22.5,65.4,12.1,35.1,0,2.9,52.8,74.4,7.7,1.5,1491,825,666,11.19,26.92,19.38,67.00,175,242
604,60403,3403,1653,1750,26.7,66.4,6.9,30.1,40.4,2.4,55.1,74.4,10.3,5.1,4732,2540,2192,32.61,45.14,39.05,539.00,790,1329
605,60501,7969,3971,3998,26.8,65.5,7.7,30.9,58.9,2.7,53.4,73.1,17.6,5.1,9496,4853,4643,16.92,21.39,19.16,672.00,855,1527
605,60502,9815,4849,4966,27.2,65.5,7.3,30.4,50,2.7,54.7,73.6,18.7,4.4,11219,5799,5420,11.78,16.77,14.30,571.00,833,1404
605,60503,4205,1956,2249,27,65.9,7.1,30.6,19.6,2.9,54.1,74.6,11.6,7.4,3075,1630,1445,-26.12,-27.52,-26.87,-511.00,-619,-1130
605,60504,3306,1561,1745,28,68,4,28.5,6,2.4,57.5,72.8,12.2,6.8,4384,2260,2124,36.07,29.51,32.61,563.00,515,1078
605,60505,4138,2058,2080,26.8,64.8,8.5,30.8,13.8,3,53.6,74,11.8,3.7,5724,3002,2722,32.26,44.33,38.33,664.00,922,1586
605,60506,,,,,,,,,,,,,,2190,1167,1023,,,,,,
606,60601,19858,9695,10163,26.1,69.1,4.8,28.9,65,2.4,59.2,75,13.5,6.2,21531,11485,10046,3.62,13.01,8.42,351.00,1322,1673
606,60602,3326,1552,1774,26.6,66.7,6.6,30.1,11,2.8,55.3,73.7,10.1,7,5381,2857,2524,62.63,61.05,61.79,972.00,1083,2055
606,60603,3677,1785,1892,26.9,65.6,7.5,30.5,24.6,2.6,55.1,75.7,8.7,5,5504,2954,2550,42.86,56.13,49.69,765.00,1062,1827
607,60701,11284,5754,5530,26.4,66.2,7.4,31.1,67.3,2.5,53.6,74.3,17.2,5.9,11060,5751,5309,-7.73,4.00,-1.99,-445.00,221,-224
607,60703,12918,6390,6528,28,65.1,7,29.8,55,2.7,55.4,74.7,16.3,7.8,15176,7884,7292,14.12,20.77,17.48,902.00,1356,2258
607,60704,6159,2966,3193,32.1,62.4,5.4,27.5,10.2,2.9,53.1,70.9,11.4,8,7206,3886,3320,11.94,21.70,17.00,354.00,693,1047
608,60801,14834,7584,7250,28.9,63.8,7.3,30.1,37.1,2.8,53.2,72.3,13.7,2.9,12734,6341,6393,-15.70,-12.54,-14.16,-1191.00,-909,-2100
608,60802,10984,5522,5462,31.4,61.9,6.7,28.9,18.6,3,52.4,75,10.8,7.7,13218,6738,6480,17.35,23.36,20.34,958.00,1276,2234
608,60803,6286,3150,3136,28.6,62.8,8.7,31,20.5,2.9,51.8,72.8,9.2,2.1,7996,4118,3878,23.11,31.31,27.20,728.00,982,1710
608,60804,3591,1787,1804,36.3,57.3,6.5,26.9,0,3.1,49.7,73.4,13.3,14.1,4416,2288,2128,19.08,26.83,22.97,341.00,484,825
608,60805,2758,1283,1475,31.7,61.5,6.8,28.6,0,3,53.4,72.5,6.7,6,3013,1616,1397,8.89,9.56,9.25,114.00,141,255
608,60806,,,,,,,,,,,,,,4974,2542,2432,,,,,,
609,60901,16115,7880,8235,26.4,67.4,6.1,29.9,53.2,2.6,56.6,74.9,13.5,6.1,20068,10093,9975,26.59,22.56,24.53,2095.00,1858,3953
610,61001,17250,8739,8511,28.2,65.4,6.4,29.7,64.3,2.6,53.8,74.2,16.3,5.2,18997,10159,8838,1.13,19.36,10.13,99.00,1648,1747
610,61002,3906,1941,1965,28.4,65.5,6.1,29.3,49.2,2.5,55.4,73,17.4,6.1,5122,2766,2356,21.38,40.76,31.13,415.00,801,1216
610,61003,11527,5911,5616,30.8,63.3,5.8,28.4,61.9,2.7,55.1,73.3,18.9,5.4,14432,7655,6777,14.65,36.31,25.20,866.00,2039,2905
610,61004,9148,4520,4628,29.6,63.6,6.8,29.1,14.3,2.9,54.1,71.7,12,5.8,12472,6734,5738,26.95,45.51,36.34,1218.00,2106,3324
611,61101,11685,5871,5814,29.1,67.8,3.1,26.8,81.5,2.1,61.5,71.7,14.5,5.3,16830,9188,7642,30.17,58.03,44.03,1771.00,3374,5145
611,61102,5544,2714,2830,28.5,66.9,4.6,28.3,55.3,2.5,56.2,73.6,10.9,6.4,9842,5423,4419,62.82,91.63,77.53,1705.00,2593,4298
611,61103,,,,,,,,,,,,,,,,,,,,,,
612,61201,4155,2133,2022,26.8,68.5,4.7,28.8,55.7,2.2,59.3,71.7,10.4,4.7,5386,2709,2677,25.50,33.98,29.63,544.00,687,1231
613,61301,8789,4241,4548,28.8,65.7,5.5,28.9,34.5,2.7,54.9,75,16.4,4.4,10644,5596,5048,19.03,23.04,21.11,807.00,1048,1855
701,70101,61072,32369,28703,28.3,65.4,6.3,29.9,98.3,2.4,53.5,74.1,20.5,6.4,71514,37140,34374,6.19,29.39,17.10,2005.00,8437,10442
701,70102,17908,8719,9189,36.7,59.1,4.2,25.2,10.1,3,50.7,73.1,13.2,11.5,19119,10129,8990,3.11,10.23,6.76,271.00,940,1211
701,70103,8307,3994,4313,32.4,63.3,4.3,26.8,51.6,2.7,53,76,15.9,6.7,13351,7327,6024,50.83,69.88,60.72,2030.00,3014,5044
701,70104,7128,3589,3539,32.2,62,5.9,28.1,14.6,2.9,51.5,74.6,16.5,5.3,12473,6561,5912,64.73,85.39,74.99,2323.00,3022,5345
702,70201,36469,18928,17541,26.9,67.8,5.3,29.4,86.6,2.3,57,70.5,13.4,3.5,31998,16162,15836,-16.34,-7.86,-12.26,-3092.00,-1379,-4471
702,70202,10501,5311,5190,29.6,65.1,5.4,28.7,44.4,2.5,56,72.3,12.9,2.6,12733,6377,6356,19.68,22.87,21.26,1045.00,1187,2232
702,70203,24041,11758,12283,29,65,5.9,29,33.8,2.8,54.5,74.9,10.5,7.1,27315,13969,13346,13.51,13.73,13.62,1588.00,1686,3274
702,70204,16790,7774,9016,30,65.5,4.6,28,39.7,2.8,55,74.2,10.4,6.9,20449,11403,9046,16.36,26.48,21.79,1272.00,2387,3659
702,70205,34176,17077,17099,29.4,65.3,5.3,28.3,66.1,2.7,55.7,73.7,13.1,5.4,37832,19124,18708,9.55,11.84,10.70,1631.00,2025,3656
702,70206,3985,1841,2144,31.2,65.4,3.4,27,22.7,2.9,55,76.5,12.6,8.8,5141,2700,2441,32.59,25.93,29.01,600.00,556,1156
702,70207,,,,,,,,,,,,,,10852,5482,5370,,,,,,
703,70301,31637,15768,15869,29.1,65.7,5.2,28.6,66.1,2.5,55.6,72.7,15.6,4.8,29644,15090,14554,-7.70,-4.91,-6.30,-1214.00,-779,-1993
703,70302,8756,4144,4612,30.6,65.1,4.4,27.5,41.2,2.7,55.1,74.3,9.9,7.8,10061,5209,4852,17.08,12.94,14.90,708.00,597,1305
703,70303,2184,1055,1129,26,67.9,6.1,30.2,37.1,3,54.4,72.3,8.7,1.9,2382,1232,1150,9.00,9.12,9.07,95.00,103,198
703,70304,2471,1175,1296,25.9,67.3,6.9,30.2,54,2.6,57.1,75.8,9.9,10.6,3400,1777,1623,38.13,37.11,37.60,448.00,481,929
703,70305,6082,3024,3058,30.2,64.1,5.7,28.4,54.9,2.7,55.3,72.6,12.5,5.9,6926,3558,3368,11.38,16.35,13.88,344.00,500,844
703,70306,5656,2865,2791,29.8,64.7,5.5,28.1,10.4,2.6,55.8,72.9,11.5,3.2,7102,3603,3499,22.13,29.09,25.57,634.00,812,1446
703,70307,,,,,,,,,,,,,,4250,2262,1988,,,,,,
704,70401,7318,3613,3705,35,60.2,4.7,25.3,12.1,2.9,54.2,74.3,20,11.9,11476,6073,5403,49.54,63.91,56.82,1790.00,2368,4158
704,70402,8861,4305,4556,37.3,59.3,3.4,24.6,38.7,2.9,51.7,72.5,13.8,10.2,13961,7544,6417,49.06,65.58,57.56,2112.00,2988,5100
704,70403,8293,4109,4184,31.4,63.8,4.8,27.7,28.7,2.5,55.3,72.2,17.4,8.7,13463,7198,6265,52.47,72.04,62.34,2156.00,3014,5170
704,70404,6240,3027,3213,37.5,58.6,3.9,24.2,7.8,3.1,50.4,71.9,16.6,13.9,10006,5354,4652,53.68,66.64,60.35,1625.00,2141,3766
705,70501,9142,4407,4735,32.4,63.8,3.8,26.3,47.6,2.8,55.5,76.6,16.7,9.9,11117,6005,5112,16.00,26.82,21.60,705.00,1270,1975
705,70502,16532,8085,8447,31.4,63.7,4.9,27.8,54.2,2.8,54.4,74.4,15.1,6.3,21220,11329,9891,22.34,34.12,28.36,1806.00,2882,4688
705,70503,12047,5637,6410,31.8,64.9,3.4,26.5,48.8,2.6,56,76.8,13.7,9.9,12992,6849,6143,8.98,6.85,7.84,506.00,439,945
706,70601,18326,9294,9032,29.5,64.9,5.6,28.5,54.9,2.5,55,72.8,14.6,5.7,21885,11004,10881,17.08,21.83,19.42,1587.00,1972,3559
706,70602,1707,846,861,21.7,72.3,6,29.4,57.2,2.1,62.4,61.1,11.3,4.5,1826,933,893,5.56,8.36,6.97,47.00,72,119
706,70603,6432,3225,3207,28,65.8,6.2,29.1,80.2,2.6,55.5,72.3,14.3,6.3,7785,3951,3834,18.88,23.20,21.04,609.00,744,1353
706,70604,8742,4345,4397,30.5,64.7,4.9,27.7,32.9,2.8,54.7,74.6,13.3,6.9,10382,5320,5062,16.50,20.99,18.76,717.00,923,1640
706,70605,6059,2938,3121,32.4,63.1,4.5,26.7,16.9,2.8,55.7,76.7,11.7,7.3,7728,3976,3752,27.71,27.40,27.55,814.00,855,1669
